time,tank1_level,tank2_level,v1_cmd,v2_cmd,v3_cmd,q_transfer
0.0,0.0,0.0,1,0,0,0.0
1.0,3.9999999999999996,0.0,1,0,0,0.0
2.0,8.000000000000002,0.0,1,0,0,0.0
3.0,12.000000000000005,0.0,1,0,0,0.0
4.0,16.000000000000007,0.0,1,0,0,0.0
5.0,19.999999999999993,0.0,1,0,0,0.0
6.0,23.99999999999998,0.0,1,0,0,0.0
7.0,27.999999999999964,0.0,1,0,0,0.0
8.0,31.99999999999995,0.0,1,0,0,0.0
9.0,35.999999999999936,0.0,1,0,0,0.0
10.0,39.99999999999992,0.0,1,0,0,0.0
11.0,43.99999999999991,0.0,1,0,0,0.0
12.0,47.99999999999989,0.0,1,0,0,0.0
13.0,51.99999999999988,0.0,1,0,0,0.0
14.0,55.999999999999865,0.0,1,0,0,0.0
15.0,59.99999999999985,0.0,1,0,0,0.0
16.0,63.99999999999984,0.0,1,0,0,0.0
17.0,67.99999999999989,0.0,1,0,0,0.0
18.0,71.99999999999994,0.0,1,0,0,0.0
19.0,76.0,0.0,1,0,0,0.0
20.0,80.00000000000006,0.0,1,0,0,0.0
21.0,84.00000000000011,0.0,1,0,0,0.0
22.0,88.00000000000017,0.0,1,0,0,0.0
23.0,92.00000000000023,0.0,1,0,0,0.0
24.0,96.00000000000028,0.0,1,0,0,0.0
25.0,100.00000000000034,0.0,1,0,0,0.0
26.0,104.0000000000004,0.0,1,0,0,0.0
27.0,108.00000000000045,0.0,1,0,0,0.0
28.0,112.00000000000051,0.0,1,0,0,0.0
29.0,116.00000000000057,0.0,1,0,0,0.0
30.0,120.00000000000063,0.0,1,0,0,0.0
31.0,119.00000000000068,5.0,1,1,0,5.0
32.0,118.00000000000074,10.0,1,1,0,5.0
33.0,117.0000000000008,15.0,1,1,0,5.0
34.0,116.00000000000085,20.0,1,1,0,5.0
35.0,115.00000000000091,25.0,1,1,0,5.0
36.0,114.00000000000097,30.0,1,1,0,5.0
37.0,113.00000000000102,35.0,1,1,0,5.0
38.0,112.00000000000108,40.0,1,1,0,5.0
39.0,111.00000000000114,45.0,1,1,0,5.0
40.0,110.0000000000012,50.0,1,1,0,5.0
41.0,109.00000000000125,55.0,1,1,0,5.0
42.0,108.00000000000131,60.0,1,1,0,5.0
43.0,107.00000000000136,65.0,1,1,0,5.0
44.0,106.00000000000142,70.0,1,1,0,5.0
45.0,105.00000000000148,75.0,1,1,0,5.0
46.0,104.00000000000153,80.0,1,1,0,5.0
47.0,103.00000000000159,85.0,1,1,0,5.0
48.0,102.00000000000165,90.0,1,1,0,5.0
49.0,101.0000000000017,95.0,1,1,0,5.0
50.0,100.00000000000176,100.0,1,1,0,5.0
51.0,99.00000000000182,105.0,1,1,0,5.0
52.0,98.00000000000188,110.0,1,1,0,5.0
53.0,97.00000000000193,115.0,1,1,0,5.0
54.0,96.00000000000199,120.0,1,1,0,5.0
55.0,95.00000000000205,125.0,1,1,0,5.0
56.0,94.0000000000021,130.0,1,1,0,5.0
57.0,93.00000000000216,135.0,1,1,0,5.0
58.0,92.00000000000222,140.0,1,1,0,5.0
59.0,91.00000000000227,145.0,1,1,0,5.0
60.0,90.00000000000233,150.0,1,1,0,5.0
61.0,94.00000000000239,150.0,1,0,0,0.0
62.0,98.00000000000244,150.0,1,0,0,0.0
63.0,102.0000000000025,150.0,1,0,0,0.0
64.0,106.00000000000256,150.0,1,0,0,0.0
65.0,110.00000000000261,150.0,1,0,0,0.0
66.0,114.00000000000267,150.0,1,0,0,0.0
67.0,118.00000000000273,150.0,1,0,0,0.0
68.0,122.00000000000279,150.0,1,0,0,0.0
69.0,126.00000000000284,150.0,1,0,0,0.0
70.0,130.0000000000029,150.0,1,0,0,0.0
71.0,134.00000000000296,150.0,1,0,0,0.0
72.0,138.000000000003,150.0,1,0,0,0.0
73.0,142.00000000000307,150.0,1,0,0,0.0
74.0,146.00000000000313,150.0,1,0,0,0.0
75.0,150.00000000000318,150.0,1,0,0,0.0
76.0,149.00000000000324,155.0,1,1,0,5.0
77.0,148.0000000000033,160.0,1,1,0,5.0
78.0,147.00000000000335,165.0,1,1,0,5.0
79.0,146.0000000000034,170.0,1,1,0,5.0
80.0,145.00000000000347,175.0,1,1,0,5.0
81.0,144.00000000000352,180.0,1,1,0,5.0
82.0,143.00000000000358,185.0,1,1,0,5.0
83.0,142.00000000000364,190.0,1,1,0,5.0
84.0,141.0000000000037,195.0,1,1,0,5.0
85.0,140.00000000000375,200.0,1,1,0,5.0
86.0,139.0000000000038,205.0,1,1,0,5.0
87.0,138.00000000000387,210.0,1,1,0,5.0
88.0,137.00000000000392,215.0,1,1,0,5.0
89.0,136.00000000000398,220.0,1,1,0,5.0
90.0,135.00000000000404,225.0,1,1,0,5.0
91.0,134.0000000000041,230.0,1,1,0,5.0
92.0,133.00000000000415,235.0,1,1,0,5.0
93.0,132.0000000000042,240.0,1,1,0,5.0
94.0,131.00000000000426,245.0,1,1,0,5.0
95.0,130.00000000000432,250.0,1,1,0,5.0
96.0,129.00000000000438,255.0,1,1,0,5.0
97.0,128.00000000000443,260.0,1,1,0,5.0
98.0,127.00000000000449,265.0,1,1,0,5.0
99.0,126.00000000000455,270.0,1,1,0,5.0
100.0,125.0000000000046,275.0,1,1,0,5.0
101.0,124.00000000000466,280.0,1,1,0,5.0
102.0,123.00000000000472,285.0,1,1,0,5.0
103.0,122.00000000000477,290.0,1,1,0,5.0
104.0,121.00000000000483,295.0,1,1,0,5.0
105.0,120.00000000000489,300.0,1,1,0,5.0
106.0,119.00000000000495,305.0,1,1,0,5.0
107.0,118.000000000005,310.0,1,1,0,5.0
108.0,117.00000000000506,315.0,1,1,0,5.0
109.0,116.00000000000512,320.0,1,1,0,5.0
110.0,115.00000000000517,325.0,1,1,0,5.0
111.0,114.00000000000523,330.0,1,1,0,5.0
112.0,113.00000000000529,335.0,1,1,0,5.0
113.0,112.00000000000534,340.0,1,1,0,5.0
114.0,111.0000000000054,345.0,1,1,0,5.0
115.0,110.00000000000546,350.0,1,1,0,5.0
116.0,109.00000000000551,355.0,1,1,0,5.0
117.0,108.00000000000557,360.0,1,1,0,5.0
118.0,107.00000000000563,365.0,1,1,0,5.0
119.0,106.00000000000568,370.0,1,1,0,5.0
120.0,105.00000000000574,375.0,1,1,0,5.0
121.0,104.0000000000058,380.0,1,1,0,5.0
122.0,103.00000000000585,385.0,1,1,0,5.0
123.0,102.00000000000591,390.0,1,1,0,5.0
124.0,101.00000000000597,395.0,1,1,0,5.0
125.0,100.00000000000603,400.0,1,1,0,5.0
126.0,99.00000000000608,405.0,1,1,0,5.0
127.0,98.00000000000614,410.0,1,1,0,5.0
128.0,97.0000000000062,415.0,1,1,0,5.0
129.0,96.00000000000625,420.0,1,1,0,5.0
130.0,95.00000000000631,425.0,1,1,0,5.0
131.0,94.00000000000637,430.0,1,1,0,5.0
132.0,93.00000000000642,435.0,1,1,0,5.0
133.0,92.00000000000648,440.0,1,1,0,5.0
134.0,91.00000000000654,445.0,1,1,0,5.0
135.0,90.0000000000066,450.0,1,1,0,5.0
136.0,94.00000000000665,450.0,1,0,0,0.0
137.0,98.00000000000671,450.0,1,0,0,0.0
138.0,102.00000000000676,450.0,1,0,0,0.0
139.0,106.00000000000682,450.0,1,0,0,0.0
140.0,110.00000000000688,450.0,1,0,0,0.0
141.0,114.00000000000693,450.0,1,0,0,0.0
142.0,118.00000000000699,450.0,1,0,0,0.0
143.0,122.00000000000705,450.0,1,0,0,0.0
144.0,126.0000000000071,450.0,1,0,0,0.0
145.0,130.00000000000716,450.0,1,0,0,0.0
146.0,134.00000000000722,450.0,1,0,0,0.0
147.0,138.00000000000728,450.0,1,0,0,0.0
148.0,142.00000000000733,450.0,1,0,0,0.0
149.0,146.0000000000074,450.0,1,0,0,0.0
150.0,150.00000000000745,450.0,1,0,0,0.0
151.0,149.0000000000075,455.0,1,1,0,5.0
152.0,148.00000000000756,460.0,1,1,0,5.0
153.0,147.00000000000762,465.0,1,1,0,5.0
154.0,146.00000000000767,470.0,1,1,0,5.0
155.0,145.00000000000773,475.0,1,1,0,5.0
156.0,144.0000000000078,480.0,1,1,0,5.0
157.0,143.00000000000784,485.0,1,1,0,5.0
158.0,142.0000000000079,490.0,1,1,0,5.0
159.0,141.00000000000796,495.0,1,1,0,5.0
160.0,140.00000000000801,500.0,1,1,0,5.0
161.0,139.00000000000807,505.0,1,1,0,5.0
162.0,138.00000000000813,510.0,1,1,0,5.0
163.0,137.00000000000819,515.0,1,1,0,5.0
164.0,136.00000000000824,520.0,1,1,0,5.0
165.0,135.0000000000083,525.0,1,1,0,5.0
166.0,134.00000000000836,530.0,1,1,0,5.0
167.0,133.0000000000084,535.0,1,1,0,5.0
168.0,132.00000000000847,540.0,1,1,0,5.0
169.0,131.00000000000853,545.0,1,1,0,5.0
170.0,130.00000000000858,550.0,1,1,0,5.0
171.0,129.00000000000864,555.0,1,1,0,5.0
172.0,128.0000000000087,560.0,1,1,0,5.0
173.0,127.00000000000875,565.0,1,1,0,5.0
174.0,126.00000000000881,570.0,1,1,0,5.0
175.0,125.00000000000887,575.0,1,1,0,5.0
176.0,124.00000000000892,580.0,1,1,0,5.0
177.0,123.00000000000898,585.0,1,1,0,5.0
178.0,122.00000000000904,590.0,1,1,0,5.0
179.0,121.0000000000091,595.0,1,1,0,5.0
180.0,120.00000000000915,600.0,1,1,0,5.0
181.0,119.00000000000921,605.0,1,1,0,5.0
182.0,118.00000000000927,610.0,1,1,0,5.0
183.0,117.00000000000932,615.0,1,1,0,5.0
184.0,116.00000000000938,620.0,1,1,0,5.0
185.0,115.00000000000944,625.0,1,1,0,5.0
186.0,114.00000000000949,630.0,1,1,0,5.0
187.0,113.00000000000955,635.0,1,1,0,5.0
188.0,112.0000000000096,640.0,1,1,0,5.0
189.0,111.00000000000966,645.0,1,1,0,5.0
190.0,110.00000000000972,650.0,1,1,0,5.0
191.0,109.00000000000978,655.0,1,1,0,5.0
192.0,108.00000000000983,660.0,1,1,0,5.0
193.0,107.00000000000989,665.0,1,1,0,5.0
194.0,106.00000000000995,670.0,1,1,0,5.0
195.0,105.00000000001,675.0,1,1,0,5.0
196.0,104.00000000001006,680.0,1,1,0,5.0
197.0,103.00000000001012,685.0,1,1,0,5.0
198.0,102.00000000001017,690.0,1,1,0,5.0
199.0,101.00000000001023,695.0,1,1,0,5.0
200.0,100.00000000001029,700.0,1,1,0,5.0
201.0,99.00000000001035,705.0,1,1,0,5.0
202.0,98.0000000000104,710.0,1,1,0,5.0
203.0,97.00000000001046,715.0,1,1,0,5.0
204.0,96.00000000001052,720.0,1,1,0,5.0
205.0,95.00000000001057,725.0,1,1,0,5.0
206.0,94.00000000001063,730.0,1,1,0,5.0
207.0,93.00000000001069,735.0,1,1,0,5.0
208.0,92.00000000001074,740.0,1,1,0,5.0
209.0,91.0000000000108,745.0,1,1,0,5.0
210.0,90.00000000001086,750.0,1,1,0,5.0
211.0,94.00000000001091,750.0,1,0,0,0.0
212.0,98.00000000001097,750.0,1,0,0,0.0
213.0,102.00000000001103,750.0,1,0,0,0.0
214.0,106.00000000001108,750.0,1,0,0,0.0
215.0,110.00000000001114,750.0,1,0,0,0.0
216.0,114.0000000000112,750.0,1,0,0,0.0
217.0,118.00000000001125,750.0,1,0,0,0.0
218.0,122.00000000001131,750.0,1,0,0,0.0
219.0,126.00000000001137,750.0,1,0,0,0.0
220.0,130.00000000001143,750.0,1,0,0,0.0
221.0,134.00000000001148,750.0,1,0,0,0.0
222.0,138.00000000001154,750.0,1,0,0,0.0
223.0,142.0000000000116,750.0,1,0,0,0.0
224.0,146.00000000001165,750.0,1,0,0,0.0
225.0,150.0000000000117,750.0,1,0,0,0.0
226.0,149.00000000001177,755.0,1,1,0,5.0
227.0,148.00000000001182,760.0,1,1,0,5.0
228.0,147.00000000001188,765.0,1,1,0,5.0
229.0,146.00000000001194,770.0,1,1,0,5.0
230.0,145.000000000012,775.0,1,1,0,5.0
231.0,144.00000000001205,780.0,1,1,0,5.0
232.0,143.0000000000121,785.0,1,1,0,5.0
233.0,142.00000000001216,790.0,1,1,0,5.0
234.0,141.00000000001222,795.0,1,1,0,5.0
235.0,140.00000000001228,800.0,1,1,0,5.0
236.0,139.00000000001234,805.0,1,1,0,5.0
237.0,138.0000000000124,810.0,1,1,0,5.0
238.0,137.00000000001245,815.0,1,1,0,5.0
239.0,136.0000000000125,820.0,1,1,0,5.0
240.0,135.00000000001256,825.0,1,1,0,5.0
241.0,134.00000000001262,830.0,1,1,0,5.0
242.0,133.00000000001268,835.0,1,1,0,5.0
243.0,132.00000000001273,840.0,1,1,0,5.0
244.0,131.0000000000128,845.0,1,1,0,5.0
245.0,130.00000000001285,850.0,1,1,0,5.0
246.0,129.0000000000129,855.0,1,1,0,5.0
247.0,128.00000000001296,860.0,1,1,0,5.0
248.0,127.00000000001302,865.0,1,1,0,5.0
249.0,126.00000000001307,870.0,1,1,0,5.0
250.0,125.00000000001313,875.0,1,1,0,5.0
251.0,124.00000000001319,880.0,1,1,0,5.0
252.0,123.00000000001324,885.0,1,1,0,5.0
253.0,122.0000000000133,890.0,1,1,0,5.0
254.0,121.00000000001336,895.0,1,1,0,5.0
255.0,120.00000000001342,900.0,1,1,0,5.0
256.0,119.00000000001347,905.0,1,1,0,5.0
257.0,118.00000000001353,910.0,1,1,0,5.0
258.0,117.00000000001359,915.0,1,1,0,5.0
259.0,116.00000000001364,920.0,1,1,0,5.0
260.0,115.0000000000137,925.0,1,1,0,5.0
261.0,114.00000000001376,930.0,1,1,0,5.0
262.0,113.00000000001381,935.0,1,1,0,5.0
263.0,112.00000000001387,940.0,1,1,0,5.0
264.0,111.00000000001393,945.0,1,1,0,5.0
265.0,110.00000000001398,950.0,1,1,0,5.0
266.0,109.00000000001404,955.0,1,1,0,5.0
267.0,108.0000000000141,960.0,1,1,0,5.0
268.0,107.00000000001415,965.0,1,1,0,5.0
269.0,106.00000000001421,970.0,1,1,0,5.0
270.0,105.00000000001427,975.0,1,1,0,5.0
271.0,104.00000000001432,980.0,1,1,0,5.0
272.0,103.00000000001438,985.0,1,1,0,5.0
273.0,102.00000000001444,990.0,1,1,0,5.0
274.0,101.0000000000145,995.0,1,1,0,5.0
275.0,100.00000000001455,1000.0,1,1,0,5.0
276.0,99.00000000001461,1005.0,1,1,0,5.0
277.0,98.00000000001467,1010.0,1,1,0,5.0
278.0,97.00000000001472,1015.0,1,1,0,5.0
279.0,96.00000000001478,1020.0,1,1,0,5.0
280.0,95.00000000001484,1025.0,1,1,0,5.0
281.0,94.0000000000149,1030.0,1,1,0,5.0
282.0,93.00000000001495,1035.0,1,1,0,5.0
283.0,92.000000000015,1040.0,1,1,0,5.0
284.0,91.00000000001506,1045.0,1,1,0,5.0
285.0,90.00000000001512,1050.0,1,1,0,5.0
286.0,94.00000000001518,1050.0,1,0,0,0.0
287.0,98.00000000001523,1050.0,1,0,0,0.0
288.0,102.00000000001529,1050.0,1,0,0,0.0
289.0,106.00000000001535,1050.0,1,0,0,0.0
290.0,110.0000000000154,1050.0,1,0,0,0.0
291.0,114.00000000001546,1050.0,1,0,0,0.0
292.0,118.00000000001552,1050.0,1,0,0,0.0
293.0,122.00000000001558,1050.0,1,0,0,0.0
294.0,126.00000000001563,1050.0,1,0,0,0.0
295.0,130.0000000000157,1050.0,1,0,0,0.0
296.0,134.00000000001575,1050.0,1,0,0,0.0
297.0,138.0000000000158,1050.0,1,0,0,0.0
298.0,142.00000000001586,1050.0,1,0,0,0.0
299.0,146.00000000001592,1050.0,1,0,0,0.0
300.0,150.00000000001597,1050.0,1,0,0,0.0
301.0,149.00000000001603,1055.0,1,1,0,5.0
302.0,148.0000000000161,1060.0,1,1,0,5.0
303.0,147.00000000001614,1065.0,1,1,0,5.0
304.0,146.0000000000162,1070.0,1,1,0,5.0
305.0,145.00000000001626,1075.0,1,1,0,5.0
306.0,144.0000000000163,1080.0,1,1,0,5.0
307.0,143.00000000001637,1085.0,1,1,0,5.0
308.0,142.00000000001643,1090.0,1,1,0,5.0
309.0,141.00000000001648,1095.0,1,1,0,5.0
310.0,140.00000000001654,1100.0,1,1,0,5.0
311.0,139.0000000000166,1105.0,1,1,0,5.0
312.0,138.00000000001666,1110.0,1,1,0,5.0
313.0,137.0000000000167,1115.0,1,1,0,5.0
314.0,136.00000000001677,1120.0,1,1,0,5.0
315.0,135.00000000001683,1125.0,1,1,0,5.0
316.0,134.00000000001688,1130.0,1,1,0,5.0
317.0,133.00000000001694,1135.0,1,1,0,5.0
318.0,132.000000000017,1140.0,1,1,0,5.0
319.0,131.00000000001705,1145.0,1,1,0,5.0
320.0,130.0000000000171,1150.0,1,1,0,5.0
321.0,129.00000000001717,1155.0,1,1,0,5.0
322.0,128.00000000001722,1160.0,1,1,0,5.0
323.0,127.00000000001728,1165.0,1,1,0,5.0
324.0,126.00000000001734,1170.0,1,1,0,5.0
325.0,125.0000000000174,1175.0,1,1,0,5.0
326.0,124.00000000001745,1180.0,1,1,0,5.0
327.0,123.00000000001751,1185.0,1,1,0,5.0
328.0,122.00000000001756,1190.0,1,1,0,5.0
329.0,121.00000000001762,1195.0,1,1,0,5.0
330.0,120.00000000001768,1200.0,1,1,0,5.0
331.0,119.00000000001774,1205.0,1,1,0,5.0
332.0,118.00000000001779,1210.0,1,1,0,5.0
333.0,117.00000000001785,1215.0,1,1,0,5.0
334.0,116.0000000000179,1220.0,1,1,0,5.0
335.0,115.00000000001796,1225.0,1,1,0,5.0
336.0,114.00000000001802,1230.0,1,1,0,5.0
337.0,113.00000000001808,1235.0,1,1,0,5.0
338.0,112.00000000001813,1240.0,1,1,0,5.0
339.0,111.00000000001819,1245.0,1,1,0,5.0
340.0,110.00000000001825,1250.0,1,1,0,5.0
341.0,109.0000000000183,1255.0,1,1,0,5.0
342.0,108.00000000001836,1260.0,1,1,0,5.0
343.0,107.00000000001842,1265.0,1,1,0,5.0
344.0,106.00000000001847,1270.0,1,1,0,5.0
345.0,105.00000000001853,1275.0,1,1,0,5.0
346.0,104.00000000001859,1280.0,1,1,0,5.0
347.0,103.00000000001864,1285.0,1,1,0,5.0
348.0,102.0000000000187,1290.0,1,1,0,5.0
349.0,101.00000000001876,1295.0,1,1,0,5.0
350.0,100.00000000001882,1300.0,1,1,0,5.0
351.0,99.00000000001887,1305.0,1,1,0,5.0
352.0,98.00000000001893,1310.0,1,1,0,5.0
353.0,97.00000000001899,1315.0,1,1,0,5.0
354.0,96.00000000001904,1320.0,1,1,0,5.0
355.0,95.0000000000191,1325.0,1,1,0,5.0
356.0,94.00000000001916,1330.0,1,1,0,5.0
357.0,93.00000000001921,1335.0,1,1,0,5.0
358.0,92.00000000001927,1340.0,1,1,0,5.0
359.0,91.00000000001933,1345.0,1,1,0,5.0
360.0,90.00000000001938,1350.0,1,1,0,5.0
361.0,94.00000000001944,1350.0,1,0,0,0.0
362.0,98.0000000000195,1350.0,1,0,0,0.0
363.0,102.00000000001955,1350.0,1,0,0,0.0
364.0,106.00000000001961,1350.0,1,0,0,0.0
365.0,110.00000000001967,1350.0,1,0,0,0.0
366.0,114.00000000001972,1350.0,1,0,0,0.0
367.0,118.00000000001978,1350.0,1,0,0,0.0
368.0,122.00000000001984,1350.0,1,0,0,0.0
369.0,126.0000000000199,1350.0,1,0,0,0.0
370.0,130.00000000001995,1350.0,1,0,0,0.0
371.0,134.00000000002,1350.0,1,0,0,0.0
372.0,138.00000000002007,1350.0,1,0,0,0.0
373.0,142.00000000002012,1350.0,1,0,0,0.0
374.0,146.00000000002018,1350.0,1,0,0,0.0
375.0,150.00000000002024,1350.0,1,0,0,0.0
376.0,149.0000000000203,1355.0,1,1,0,5.0
377.0,148.00000000002035,1360.0,1,1,0,5.0
378.0,147.0000000000204,1365.0,1,1,0,5.0
379.0,146.00000000002046,1370.0,1,1,0,5.0
380.0,145.00000000002052,1375.0,1,1,0,5.0
381.0,144.00000000002058,1380.0,1,1,0,5.0
382.0,143.00000000002063,1385.0,1,1,0,5.0
383.0,142.0000000000207,1390.0,1,1,0,5.0
384.0,141.00000000002075,1395.0,1,1,0,5.0
385.0,140.0000000000208,1400.0,1,1,0,5.0
386.0,139.00000000002086,1405.0,1,1,0,5.0
387.0,138.00000000002092,1410.0,1,1,0,5.0
388.0,137.00000000002098,1415.0,1,1,0,5.0
389.0,136.00000000002103,1420.0,1,1,0,5.0
390.0,135.0000000000211,1425.0,1,1,0,5.0
391.0,134.00000000002115,1430.0,1,1,0,5.0
392.0,133.0000000000212,1435.0,1,1,0,5.0
393.0,132.00000000002126,1440.0,1,1,0,5.0
394.0,131.00000000002132,1445.0,1,1,0,5.0
395.0,130.00000000002137,1450.0,1,1,0,5.0
396.0,129.00000000002143,1455.0,1,1,0,5.0
397.0,128.0000000000215,1460.0,1,1,0,5.0
398.0,127.00000000002154,1465.0,1,1,0,5.0
399.0,126.0000000000216,1470.0,1,1,0,5.0
400.0,125.00000000002166,1475.0,1,1,0,5.0
401.0,124.00000000002171,1480.0,1,1,0,5.0
402.0,123.00000000002177,1485.0,1,1,0,5.0
403.0,122.00000000002183,1490.0,1,1,0,5.0
404.0,121.00000000002188,1495.0,1,1,0,5.0
405.0,120.00000000002194,1500.0,1,1,0,5.0
406.0,119.000000000022,1505.0,1,1,0,5.0
407.0,118.00000000002206,1510.0,1,1,0,5.0
408.0,117.00000000002211,1515.0,1,1,0,5.0
409.0,116.00000000002217,1520.0,1,1,0,5.0
410.0,115.00000000002223,1525.0,1,1,0,5.0
411.0,114.00000000002228,1530.0,1,1,0,5.0
412.0,113.00000000002234,1535.0,1,1,0,5.0
413.0,112.0000000000224,1540.0,1,1,0,5.0
414.0,111.00000000002245,1545.0,1,1,0,5.0
415.0,110.00000000002251,1550.0,1,1,0,5.0
416.0,109.00000000002257,1555.0,1,1,0,5.0
417.0,108.00000000002262,1560.0,1,1,0,5.0
418.0,107.00000000002268,1565.0,1,1,0,5.0
419.0,106.00000000002274,1570.0,1,1,0,5.0
420.0,105.0000000000228,1575.0,1,1,0,5.0
421.0,104.00000000002285,1580.0,1,1,0,5.0
422.0,103.00000000002291,1585.0,1,1,0,5.0
423.0,102.00000000002296,1590.0,1,1,0,5.0
424.0,101.00000000002302,1595.0,1,1,0,5.0
425.0,100.00000000002308,1600.0,1,1,0,5.0
426.0,99.00000000002314,1605.0,1,1,0,5.0
427.0,98.00000000002319,1610.0,1,1,0,5.0
428.0,97.00000000002325,1615.0,1,1,0,5.0
429.0,96.0000000000233,1620.0,1,1,0,5.0
430.0,95.00000000002336,1625.0,1,1,0,5.0
431.0,94.00000000002342,1630.0,1,1,0,5.0
432.0,93.00000000002348,1635.0,1,1,0,5.0
433.0,92.00000000002353,1640.0,1,1,0,5.0
434.0,91.00000000002359,1645.0,1,1,0,5.0
435.0,90.00000000002365,1650.0,1,1,0,5.0
436.0,94.0000000000237,1650.0,1,0,0,0.0
437.0,98.00000000002376,1650.0,1,0,0,0.0
438.0,102.00000000002382,1650.0,1,0,0,0.0
439.0,106.00000000002387,1650.0,1,0,0,0.0
440.0,110.00000000002393,1650.0,1,0,0,0.0
441.0,114.00000000002399,1650.0,1,0,0,0.0
442.0,118.00000000002404,1650.0,1,0,0,0.0
443.0,122.0000000000241,1650.0,1,0,0,0.0
444.0,126.00000000002416,1650.0,1,0,0,0.0
445.0,130.00000000002422,1650.0,1,0,0,0.0
446.0,134.00000000002427,1650.0,1,0,0,0.0
447.0,138.00000000002433,1650.0,1,0,0,0.0
448.0,142.0000000000244,1650.0,1,0,0,0.0
449.0,146.00000000002444,1650.0,1,0,0,0.0
450.0,150.0000000000245,1650.0,1,0,0,0.0
451.0,149.00000000002456,1655.0,1,1,0,5.0
452.0,148.0000000000246,1660.0,1,1,0,5.0
453.0,147.00000000002467,1665.0,1,1,0,5.0
454.0,146.00000000002473,1670.0,1,1,0,5.0
455.0,145.00000000002478,1675.0,1,1,0,5.0
456.0,144.00000000002484,1680.0,1,1,0,5.0
457.0,143.0000000000249,1685.0,1,1,0,5.0
458.0,142.00000000002495,1690.0,1,1,0,5.0
459.0,141.000000000025,1695.0,1,1,0,5.0
460.0,140.00000000002507,1700.0,1,1,0,5.0
461.0,139.00000000002512,1705.0,1,1,0,5.0
462.0,138.00000000002518,1710.0,1,1,0,5.0
463.0,137.00000000002524,1715.0,1,1,0,5.0
464.0,136.0000000000253,1720.0,1,1,0,5.0
465.0,135.00000000002535,1725.0,1,1,0,5.0
466.0,134.0000000000254,1730.0,1,1,0,5.0
467.0,133.00000000002547,1735.0,1,1,0,5.0
468.0,132.00000000002552,1740.0,1,1,0,5.0
469.0,131.00000000002558,1745.0,1,1,0,5.0
470.0,130.00000000002564,1750.0,1,1,0,5.0
471.0,129.0000000000257,1755.0,1,1,0,5.0
472.0,128.00000000002575,1760.0,1,1,0,5.0
473.0,127.0000000000258,1765.0,1,1,0,5.0
474.0,126.00000000002586,1770.0,1,1,0,5.0
475.0,125.00000000002592,1775.0,1,1,0,5.0
476.0,124.00000000002598,1780.0,1,1,0,5.0
477.0,123.00000000002603,1785.0,1,1,0,5.0
478.0,122.00000000002609,1790.0,1,1,0,5.0
479.0,121.00000000002615,1795.0,1,1,0,5.0
480.0,120.0000000000262,1800.0,1,1,0,5.0
481.0,119.00000000002626,1805.0,1,1,0,5.0
482.0,118.00000000002632,1810.0,1,1,0,5.0
483.0,117.00000000002638,1815.0,1,1,0,5.0
484.0,116.00000000002643,1820.0,1,1,0,5.0
485.0,115.00000000002649,1825.0,1,1,0,5.0
486.0,114.00000000002655,1830.0,1,1,0,5.0
487.0,113.0000000000266,1835.0,1,1,0,5.0
488.0,112.00000000002666,1840.0,1,1,0,5.0
489.0,111.00000000002672,1845.0,1,1,0,5.0
490.0,110.00000000002677,1850.0,1,1,0,5.0
491.0,109.00000000002683,1855.0,1,1,0,5.0
492.0,108.00000000002689,1860.0,1,1,0,5.0
493.0,107.00000000002694,1865.0,1,1,0,5.0
494.0,106.000000000027,1870.0,1,1,0,5.0
495.0,105.00000000002706,1875.0,1,1,0,5.0
496.0,104.00000000002711,1880.0,1,1,0,5.0
497.0,103.00000000002717,1885.0,1,1,0,5.0
498.0,102.00000000002723,1890.0,1,1,0,5.0
499.0,101.00000000002728,1895.0,1,1,0,5.0
500.0,100.00000000002734,1900.0,1,1,0,5.0
501.0,99.0000000000274,1905.0,1,1,0,5.0
502.0,98.00000000002746,1910.0,1,1,0,5.0
503.0,97.00000000002751,1915.0,1,1,0,5.0
504.0,96.00000000002757,1920.0,1,1,0,5.0
505.0,95.00000000002763,1925.0,1,1,0,5.0
506.0,94.00000000002768,1930.0,1,1,0,5.0
507.0,93.00000000002774,1935.0,1,1,0,5.0
508.0,92.0000000000278,1940.0,1,1,0,5.0
509.0,91.00000000002785,1945.0,1,1,0,5.0
510.0,90.00000000002791,1950.0,1,1,0,5.0
511.0,94.00000000002797,1950.0,1,0,0,0.0
512.0,98.00000000002802,1950.0,1,0,0,0.0
513.0,102.00000000002808,1950.0,1,0,0,0.0
514.0,106.00000000002814,1950.0,1,0,0,0.0
515.0,110.0000000000282,1950.0,1,0,0,0.0
516.0,114.00000000002825,1950.0,1,0,0,0.0
517.0,118.00000000002831,1950.0,1,0,0,0.0
518.0,122.00000000002836,1950.0,1,0,0,0.0
519.0,126.00000000002842,1950.0,1,0,0,0.0
520.0,130.00000000002848,1950.0,1,0,0,0.0
521.0,134.00000000002854,1950.0,1,0,0,0.0
522.0,138.0000000000286,1950.0,1,0,0,0.0
523.0,142.00000000002865,1950.0,1,0,0,0.0
524.0,146.0000000000287,1950.0,1,0,0,0.0
525.0,150.00000000002876,1950.0,1,0,0,0.0
526.0,149.00000000002882,1955.0,1,1,0,5.0
527.0,148.00000000002888,1960.0,1,1,0,5.0
528.0,147.00000000002893,1965.0,1,1,0,5.0
529.0,146.000000000029,1970.0,1,1,0,5.0
530.0,145.00000000002905,1975.0,1,1,0,5.0
531.0,144.0000000000291,1980.0,1,1,0,5.0
532.0,143.00000000002916,1985.0,1,1,0,5.0
533.0,142.00000000002922,1990.0,1,1,0,5.0
534.0,141.00000000002927,1995.0,1,1,0,5.0
535.0,140.00000000002933,2000.0,1,1,0,5.0
536.0,139.0000000000294,2005.0,1,1,0,5.0
537.0,138.00000000002944,2010.0,1,1,0,5.0
538.0,137.0000000000295,2015.0,1,1,0,5.0
539.0,136.00000000002956,2020.0,1,1,0,5.0
540.0,135.00000000002962,2025.0,1,1,0,5.0
541.0,134.00000000002967,2030.0,1,1,0,5.0
542.0,133.00000000002973,2035.0,1,1,0,5.0
543.0,132.0000000000298,2040.0,1,1,0,5.0
544.0,131.00000000002984,2045.0,1,1,0,5.0
545.0,130.0000000000299,2050.0,1,1,0,5.0
546.0,129.00000000002996,2055.0,1,1,0,5.0
547.0,128.00000000003,2060.0,1,1,0,5.0
548.0,127.00000000003007,2065.0,1,1,0,5.0
549.0,126.00000000003013,2070.0,1,1,0,5.0
550.0,125.00000000003018,2075.0,1,1,0,5.0
551.0,124.00000000003024,2080.0,1,1,0,5.0
552.0,123.0000000000303,2085.0,1,1,0,5.0
553.0,122.00000000003035,2090.0,1,1,0,5.0
554.0,121.00000000003041,2095.0,1,1,0,5.0
555.0,120.00000000003047,2100.0,1,1,0,5.0
556.0,119.00000000003052,2105.0,1,1,0,5.0
557.0,118.00000000003058,2110.0,1,1,0,5.0
558.0,117.00000000003064,2115.0,1,1,0,5.0
559.0,116.0000000000307,2120.0,1,1,0,5.0
560.0,115.00000000003075,2125.0,1,1,0,5.0
561.0,114.00000000003081,2130.0,1,1,0,5.0
562.0,113.00000000003087,2135.0,1,1,0,5.0
563.0,112.00000000003092,2140.0,1,1,0,5.0
564.0,111.00000000003098,2145.0,1,1,0,5.0
565.0,110.00000000003104,2150.0,1,1,0,5.0
566.0,109.0000000000311,2155.0,1,1,0,5.0
567.0,108.00000000003115,2160.0,1,1,0,5.0
568.0,107.0000000000312,2165.0,1,1,0,5.0
569.0,106.00000000003126,2170.0,1,1,0,5.0
570.0,105.00000000003132,2175.0,1,1,0,5.0
571.0,104.00000000003138,2180.0,1,1,0,5.0
572.0,103.00000000003143,2185.0,1,1,0,5.0
573.0,102.00000000003149,2190.0,1,1,0,5.0
574.0,101.00000000003155,2195.0,1,1,0,5.0
575.0,100.0000000000316,2200.0,1,1,0,5.0
576.0,99.00000000003166,2205.0,1,1,0,5.0
577.0,98.00000000003172,2210.0,1,1,0,5.0
578.0,97.00000000003178,2215.0,1,1,0,5.0
579.0,96.00000000003183,2220.0,1,1,0,5.0
580.0,95.00000000003189,2225.0,1,1,0,5.0
581.0,94.00000000003195,2230.0,1,1,0,5.0
582.0,93.000000000032,2235.0,1,1,0,5.0
583.0,92.00000000003206,2240.0,1,1,0,5.0
584.0,91.00000000003212,2245.0,1,1,0,5.0
585.0,90.00000000003217,2250.0,1,1,0,5.0
586.0,94.00000000003223,2250.0,1,0,0,0.0
587.0,98.00000000003229,2250.0,1,0,0,0.0
588.0,102.00000000003234,2250.0,1,0,0,0.0
589.0,106.0000000000324,2250.0,1,0,0,0.0
590.0,110.00000000003246,2250.0,1,0,0,0.0
591.0,114.00000000003251,2250.0,1,0,0,0.0
592.0,118.00000000003257,2250.0,1,0,0,0.0
593.0,122.00000000003263,2250.0,1,0,0,0.0
594.0,126.00000000003268,2250.0,1,0,0,0.0
595.0,130.00000000003274,2250.0,1,0,0,0.0
596.0,134.0000000000328,2250.0,1,0,0,0.0
597.0,138.00000000003286,2250.0,1,0,0,0.0
598.0,142.0000000000329,2250.0,1,0,0,0.0
599.0,146.00000000003297,2250.0,1,0,0,0.0
600.0,150.00000000003303,2250.0,1,0,0,0.0
601.0,149.00000000003308,2255.0,1,1,0,5.0
602.0,148.00000000003314,2260.0,1,1,0,5.0
603.0,147.0000000000332,2265.0,1,1,0,5.0
604.0,146.00000000003325,2270.0,1,1,0,5.0
605.0,145.0000000000333,2275.0,1,1,0,5.0
606.0,144.00000000003337,2280.0,1,1,0,5.0
607.0,143.00000000003342,2285.0,1,1,0,5.0
608.0,142.00000000003348,2290.0,1,1,0,5.0
609.0,141.00000000003354,2295.0,1,1,0,5.0
610.0,140.0000000000336,2300.0,1,1,0,5.0
611.0,139.00000000003365,2305.0,1,1,0,5.0
612.0,138.0000000000337,2310.0,1,1,0,5.0
613.0,137.00000000003376,2315.0,1,1,0,5.0
614.0,136.00000000003382,2320.0,1,1,0,5.0
615.0,135.00000000003388,2325.0,1,1,0,5.0
616.0,134.00000000003394,2330.0,1,1,0,5.0
617.0,133.000000000034,2335.0,1,1,0,5.0
618.0,132.00000000003405,2340.0,1,1,0,5.0
619.0,131.0000000000341,2345.0,1,1,0,5.0
620.0,130.00000000003416,2350.0,1,1,0,5.0
621.0,129.00000000003422,2355.0,1,1,0,5.0
622.0,128.00000000003428,2360.0,1,1,0,5.0
623.0,127.00000000003433,2365.0,1,1,0,5.0
624.0,126.00000000003439,2370.0,1,1,0,5.0
625.0,125.00000000003445,2375.0,1,1,0,5.0
626.0,124.0000000000345,2380.0,1,1,0,5.0
627.0,123.00000000003456,2385.0,1,1,0,5.0
628.0,122.00000000003462,2390.0,1,1,0,5.0
629.0,121.00000000003467,2395.0,1,1,0,5.0
630.0,120.00000000003473,2400.0,1,1,0,5.0
631.0,119.00000000003479,2405.0,1,1,0,5.0
632.0,118.00000000003485,2410.0,1,1,0,5.0
633.0,117.0000000000349,2415.0,1,1,0,5.0
634.0,116.00000000003496,2420.0,1,1,0,5.0
635.0,115.00000000003502,2425.0,1,1,0,5.0
636.0,114.00000000003507,2430.0,1,1,0,5.0
637.0,113.00000000003513,2435.0,1,1,0,5.0
638.0,112.00000000003519,2440.0,1,1,0,5.0
639.0,111.00000000003524,2445.0,1,1,0,5.0
640.0,110.0000000000353,2450.0,1,1,0,5.0
641.0,109.00000000003536,2455.0,1,1,0,5.0
642.0,108.00000000003541,2460.0,1,1,0,5.0
643.0,107.00000000003547,2465.0,1,1,0,5.0
644.0,106.00000000003553,2470.0,1,1,0,5.0
645.0,105.00000000003558,2475.0,1,1,0,5.0
646.0,104.00000000003564,2480.0,1,1,0,5.0
647.0,103.0000000000357,2485.0,1,1,0,5.0
648.0,102.00000000003575,2490.0,1,1,0,5.0
649.0,101.00000000003581,2495.0,1,1,0,5.0
650.0,100.00000000003587,2500.0,1,1,0,5.0
651.0,99.00000000003593,2505.0,1,1,0,5.0
652.0,98.00000000003598,2510.0,1,1,0,5.0
653.0,97.00000000003604,2515.0,1,1,0,5.0
654.0,96.0000000000361,2520.0,1,1,0,5.0
655.0,95.00000000003615,2525.0,1,1,0,5.0
656.0,94.00000000003621,2530.0,1,1,0,5.0
657.0,93.00000000003627,2535.0,1,1,0,5.0
658.0,92.00000000003632,2540.0,1,1,0,5.0
659.0,91.00000000003638,2545.0,1,1,0,5.0
660.0,90.00000000003644,2550.0,1,1,0,5.0
661.0,94.0000000000365,2550.0,1,0,0,0.0
662.0,98.00000000003655,2550.0,1,0,0,0.0
663.0,102.00000000003661,2550.0,1,0,0,0.0
664.0,106.00000000003666,2550.0,1,0,0,0.0
665.0,110.00000000003672,2550.0,1,0,0,0.0
666.0,114.00000000003678,2550.0,1,0,0,0.0
667.0,118.00000000003683,2550.0,1,0,0,0.0
668.0,122.00000000003689,2550.0,1,0,0,0.0
669.0,126.00000000003695,2550.0,1,0,0,0.0
670.0,130.000000000037,2550.0,1,0,0,0.0
671.0,134.00000000003706,2550.0,1,0,0,0.0
672.0,138.00000000003712,2550.0,1,0,0,0.0
673.0,142.00000000003718,2550.0,1,0,0,0.0
674.0,146.00000000003723,2550.0,1,0,0,0.0
675.0,150.0000000000373,2550.0,1,0,0,0.0
676.0,149.00000000003735,2555.0,1,1,0,5.0
677.0,148.0000000000374,2560.0,1,1,0,5.0
678.0,147.00000000003746,2565.0,1,1,0,5.0
679.0,146.00000000003752,2570.0,1,1,0,5.0
680.0,145.00000000003757,2575.0,1,1,0,5.0
681.0,144.00000000003763,2580.0,1,1,0,5.0
682.0,143.0000000000377,2585.0,1,1,0,5.0
683.0,142.00000000003774,2590.0,1,1,0,5.0
684.0,141.0000000000378,2595.0,1,1,0,5.0
685.0,140.00000000003786,2600.0,1,1,0,5.0
686.0,139.00000000003791,2605.0,1,1,0,5.0
687.0,138.00000000003797,2610.0,1,1,0,5.0
688.0,137.00000000003803,2615.0,1,1,0,5.0
689.0,136.00000000003809,2620.0,1,1,0,5.0
690.0,135.00000000003814,2625.0,1,1,0,5.0
691.0,134.0000000000382,2630.0,1,1,0,5.0
692.0,133.00000000003826,2635.0,1,1,0,5.0
693.0,132.0000000000383,2640.0,1,1,0,5.0
694.0,131.00000000003837,2645.0,1,1,0,5.0
695.0,130.00000000003843,2650.0,1,1,0,5.0
696.0,129.00000000003848,2655.0,1,1,0,5.0
697.0,128.00000000003854,2660.0,1,1,0,5.0
698.0,127.0000000000386,2665.0,1,1,0,5.0
699.0,126.00000000003865,2670.0,1,1,0,5.0
700.0,125.00000000003871,2675.0,1,1,0,5.0
701.0,124.00000000003877,2680.0,1,1,0,5.0
702.0,123.00000000003882,2685.0,1,1,0,5.0
703.0,122.00000000003888,2690.0,1,1,0,5.0
704.0,121.00000000003894,2695.0,1,1,0,5.0
705.0,120.000000000039,2700.0,1,1,0,5.0
706.0,119.00000000003905,2705.0,1,1,0,5.0
707.0,118.00000000003911,2710.0,1,1,0,5.0
708.0,117.00000000003917,2715.0,1,1,0,5.0
709.0,116.00000000003922,2720.0,1,1,0,5.0
710.0,115.00000000003928,2725.0,1,1,0,5.0
711.0,114.00000000003934,2730.0,1,1,0,5.0
712.0,113.00000000003939,2735.0,1,1,0,5.0
713.0,112.00000000003945,2740.0,1,1,0,5.0
714.0,111.0000000000395,2745.0,1,1,0,5.0
715.0,110.00000000003956,2750.0,1,1,0,5.0
716.0,109.00000000003962,2755.0,1,1,0,5.0
717.0,108.00000000003968,2760.0,1,1,0,5.0
718.0,107.00000000003973,2765.0,1,1,0,5.0
719.0,106.00000000003979,2770.0,1,1,0,5.0
720.0,105.00000000003985,2775.0,1,1,0,5.0
721.0,104.0000000000399,2780.0,1,1,0,5.0
722.0,103.00000000003996,2785.0,1,1,0,5.0
723.0,102.00000000004002,2790.0,1,1,0,5.0
724.0,101.00000000004007,2795.0,1,1,0,5.0
725.0,100.00000000004013,2800.0,1,1,0,5.0
726.0,99.00000000004019,2805.0,1,1,0,5.0
727.0,98.00000000004025,2810.0,1,1,0,5.0
728.0,97.0000000000403,2815.0,1,1,0,5.0
729.0,96.00000000004036,2820.0,1,1,0,5.0
730.0,95.00000000004042,2825.0,1,1,0,5.0
731.0,94.00000000004047,2830.0,1,1,0,5.0
732.0,93.00000000004053,2835.0,1,1,0,5.0
733.0,92.00000000004059,2840.0,1,1,0,5.0
734.0,91.00000000004064,2845.0,1,1,0,5.0
735.0,90.0000000000407,2850.0,1,1,0,5.0
736.0,94.00000000004076,2850.0,1,0,0,0.0
737.0,98.00000000004081,2850.0,1,0,0,0.0
738.0,102.00000000004087,2850.0,1,0,0,0.0
739.0,106.00000000004093,2850.0,1,0,0,0.0
740.0,110.00000000004098,2850.0,1,0,0,0.0
741.0,114.00000000004104,2850.0,1,0,0,0.0
742.0,118.0000000000411,2850.0,1,0,0,0.0
743.0,122.00000000004115,2850.0,1,0,0,0.0
744.0,126.00000000004121,2850.0,1,0,0,0.0
745.0,130.00000000004127,2850.0,1,0,0,0.0
746.0,134.00000000004133,2850.0,1,0,0,0.0
747.0,138.00000000004138,2850.0,1,0,0,0.0
748.0,142.00000000004144,2850.0,1,0,0,0.0
749.0,146.0000000000415,2850.0,1,0,0,0.0
750.0,150.00000000004155,2850.0,1,0,0,0.0
751.0,149.0000000000416,2855.0,1,1,0,5.0
752.0,148.00000000004167,2860.0,1,1,0,5.0
753.0,147.00000000004172,2865.0,1,1,0,5.0
754.0,146.00000000004178,2870.0,1,1,0,5.0
755.0,145.00000000004184,2875.0,1,1,0,5.0
756.0,144.0000000000419,2880.0,1,1,0,5.0
757.0,143.00000000004195,2885.0,1,1,0,5.0
758.0,142.000000000042,2890.0,1,1,0,5.0
759.0,141.00000000004206,2895.0,1,1,0,5.0
760.0,140.00000000004212,2900.0,1,1,0,5.0
761.0,139.00000000004218,2905.0,1,1,0,5.0
762.0,138.00000000004223,2910.0,1,1,0,5.0
763.0,137.0000000000423,2915.0,1,1,0,5.0
764.0,136.00000000004235,2920.0,1,1,0,5.0
765.0,135.0000000000424,2925.0,1,1,0,5.0
766.0,134.00000000004246,2930.0,1,1,0,5.0
767.0,133.00000000004252,2935.0,1,1,0,5.0
768.0,132.00000000004258,2940.0,1,1,0,5.0
769.0,131.00000000004263,2945.0,1,1,0,5.0
770.0,130.0000000000427,2950.0,1,1,0,5.0
771.0,129.00000000004275,2955.0,1,1,0,5.0
772.0,128.0000000000428,2960.0,1,1,0,5.0
773.0,127.00000000004286,2965.0,1,1,0,5.0
774.0,126.00000000004292,2970.0,1,1,0,5.0
775.0,125.00000000004297,2975.0,1,1,0,5.0
776.0,124.00000000004303,2980.0,1,1,0,5.0
777.0,123.00000000004309,2985.0,1,1,0,5.0
778.0,122.00000000004314,2990.0,1,1,0,5.0
779.0,121.0000000000432,2995.0,1,1,0,5.0
780.0,120.00000000004326,3000.0,1,1,0,5.0
781.0,119.00000000004331,3005.0,1,1,0,5.0
782.0,118.00000000004337,3010.0,1,1,0,5.0
783.0,117.00000000004343,3015.0,1,1,0,5.0
784.0,116.00000000004349,3020.0,1,1,0,5.0
785.0,115.00000000004354,3025.0,1,1,0,5.0
786.0,114.0000000000436,3030.0,1,1,0,5.0
787.0,113.00000000004366,3035.0,1,1,0,5.0
788.0,112.00000000004371,3040.0,1,1,0,5.0
789.0,111.00000000004377,3045.0,1,1,0,5.0
790.0,110.00000000004383,3050.0,1,1,0,5.0
791.0,109.00000000004388,3055.0,1,1,0,5.0
792.0,108.00000000004394,3060.0,1,1,0,5.0
793.0,107.000000000044,3065.0,1,1,0,5.0
794.0,106.00000000004405,3070.0,1,1,0,5.0
795.0,105.00000000004411,3075.0,1,1,0,5.0
796.0,104.00000000004417,3080.0,1,1,0,5.0
797.0,103.00000000004422,3085.0,1,1,0,5.0
798.0,102.00000000004428,3090.0,1,1,0,5.0
799.0,101.00000000004434,3095.0,1,1,0,5.0
800.0,100.0000000000444,3100.0,1,1,0,5.0
801.0,99.00000000004445,3105.0,1,1,0,5.0
802.0,98.00000000004451,3110.0,1,1,0,5.0
803.0,97.00000000004457,3115.0,1,1,0,5.0
804.0,96.00000000004462,3120.0,1,1,0,5.0
805.0,95.00000000004468,3125.0,1,1,0,5.0
806.0,94.00000000004474,3130.0,1,1,0,5.0
807.0,93.00000000004479,3135.0,1,1,0,5.0
808.0,92.00000000004485,3140.0,1,1,0,5.0
809.0,91.0000000000449,3145.0,1,1,0,5.0
810.0,90.00000000004496,3150.0,1,1,0,5.0
811.0,94.00000000004502,3150.0,1,0,0,0.0
812.0,98.00000000004508,3150.0,1,0,0,0.0
813.0,102.00000000004513,3150.0,1,0,0,0.0
814.0,106.00000000004519,3150.0,1,0,0,0.0
815.0,110.00000000004525,3150.0,1,0,0,0.0
816.0,114.0000000000453,3150.0,1,0,0,0.0
817.0,118.00000000004536,3150.0,1,0,0,0.0
818.0,122.00000000004542,3150.0,1,0,0,0.0
819.0,126.00000000004547,3150.0,1,0,0,0.0
820.0,130.00000000004553,3150.0,1,0,0,0.0
821.0,134.0000000000456,3150.0,1,0,0,0.0
822.0,138.00000000004565,3150.0,1,0,0,0.0
823.0,142.0000000000457,3150.0,1,0,0,0.0
824.0,146.00000000004576,3150.0,1,0,0,0.0
825.0,150.00000000004582,3150.0,1,0,0,0.0
826.0,149.00000000004587,3155.0,1,1,0,5.0
827.0,148.00000000004593,3160.0,1,1,0,5.0
828.0,147.000000000046,3165.0,1,1,0,5.0
829.0,146.00000000004604,3170.0,1,1,0,5.0
830.0,145.0000000000461,3175.0,1,1,0,5.0
831.0,144.00000000004616,3180.0,1,1,0,5.0
832.0,143.0000000000462,3185.0,1,1,0,5.0
833.0,142.00000000004627,3190.0,1,1,0,5.0
834.0,141.00000000004633,3195.0,1,1,0,5.0
835.0,140.00000000004638,3200.0,1,1,0,5.0
836.0,139.00000000004644,3205.0,1,1,0,5.0
837.0,138.0000000000465,3210.0,1,1,0,5.0
838.0,137.00000000004655,3215.0,1,1,0,5.0
839.0,136.0000000000466,3220.0,1,1,0,5.0
840.0,135.00000000004667,3225.0,1,1,0,5.0
841.0,134.00000000004673,3230.0,1,1,0,5.0
842.0,133.00000000004678,3235.0,1,1,0,5.0
843.0,132.00000000004684,3240.0,1,1,0,5.0
844.0,131.0000000000469,3245.0,1,1,0,5.0
845.0,130.00000000004695,3250.0,1,1,0,5.0
846.0,129.000000000047,3255.0,1,1,0,5.0
847.0,128.00000000004707,3260.0,1,1,0,5.0
848.0,127.00000000004712,3265.0,1,1,0,5.0
849.0,126.00000000004718,3270.0,1,1,0,5.0
850.0,125.00000000004724,3275.0,1,1,0,5.0
851.0,124.0000000000473,3280.0,1,1,0,5.0
852.0,123.00000000004735,3285.0,1,1,0,5.0
853.0,122.00000000004741,3290.0,1,1,0,5.0
854.0,121.00000000004746,3295.0,1,1,0,5.0
855.0,120.00000000004752,3300.0,1,1,0,5.0
856.0,119.00000000004758,3305.0,1,1,0,5.0
857.0,118.00000000004763,3310.0,1,1,0,5.0
858.0,117.00000000004769,3315.0,1,1,0,5.0
859.0,116.00000000004775,3320.0,1,1,0,5.0
860.0,115.0000000000478,3325.0,1,1,0,5.0
861.0,114.00000000004786,3330.0,1,1,0,5.0
862.0,113.00000000004792,3335.0,1,1,0,5.0
863.0,112.00000000004798,3340.0,1,1,0,5.0
864.0,111.00000000004803,3345.0,1,1,0,5.0
865.0,110.00000000004809,3350.0,1,1,0,5.0
866.0,109.00000000004815,3355.0,1,1,0,5.0
867.0,108.0000000000482,3360.0,1,1,0,5.0
868.0,107.00000000004826,3365.0,1,1,0,5.0
869.0,106.00000000004832,3370.0,1,1,0,5.0
870.0,105.00000000004837,3375.0,1,1,0,5.0
871.0,104.00000000004843,3380.0,1,1,0,5.0
872.0,103.00000000004849,3385.0,1,1,0,5.0
873.0,102.00000000004854,3390.0,1,1,0,5.0
874.0,101.0000000000486,3395.0,1,1,0,5.0
875.0,100.00000000004866,3400.0,1,1,0,5.0
876.0,99.00000000004871,3405.0,1,1,0,5.0
877.0,98.00000000004877,3410.0,1,1,0,5.0
878.0,97.00000000004883,3415.0,1,1,0,5.0
879.0,96.00000000004889,3420.0,1,1,0,5.0
880.0,95.00000000004894,3425.0,1,1,0,5.0
881.0,94.000000000049,3430.0,1,1,0,5.0
882.0,93.00000000004906,3435.0,1,1,0,5.0
883.0,92.00000000004911,3440.0,1,1,0,5.0
884.0,91.00000000004917,3445.0,1,1,0,5.0
885.0,90.00000000004923,3450.0,1,1,0,5.0
886.0,94.00000000004928,3450.0,1,0,0,0.0
887.0,98.00000000004934,3450.0,1,0,0,0.0
888.0,102.0000000000494,3450.0,1,0,0,0.0
889.0,106.00000000004945,3450.0,1,0,0,0.0
890.0,110.00000000004951,3450.0,1,0,0,0.0
891.0,114.00000000004957,3450.0,1,0,0,0.0
892.0,118.00000000004962,3450.0,1,0,0,0.0
893.0,122.00000000004968,3450.0,1,0,0,0.0
894.0,126.00000000004974,3450.0,1,0,0,0.0
895.0,130.0000000000498,3450.0,1,0,0,0.0
896.0,134.00000000004985,3450.0,1,0,0,0.0
897.0,138.0000000000499,3450.0,1,0,0,0.0
898.0,142.00000000004997,3450.0,1,0,0,0.0
899.0,146.00000000005002,3450.0,1,0,0,0.0
900.0,150.00000000005008,3450.0,1,0,0,0.0
901.0,149.00000000005014,3455.0,1,1,0,5.0
902.0,148.0000000000502,3460.0,1,1,0,5.0
903.0,147.00000000005025,3465.0,1,1,0,5.0
904.0,146.0000000000503,3470.0,1,1,0,5.0
905.0,145.00000000005036,3475.0,1,1,0,5.0
906.0,144.00000000005042,3480.0,1,1,0,5.0
907.0,143.00000000005048,3485.0,1,1,0,5.0
908.0,142.00000000005053,3490.0,1,1,0,5.0
909.0,141.0000000000506,3495.0,1,1,0,5.0
910.0,140.00000000005065,3500.0,1,1,0,5.0
911.0,139.0000000000507,3505.0,1,1,0,5.0
912.0,138.00000000005076,3510.0,1,1,0,5.0
913.0,137.00000000005082,3515.0,1,1,0,5.0
914.0,136.00000000005087,3520.0,1,1,0,5.0
915.0,135.00000000005093,3525.0,1,1,0,5.0
916.0,134.000000000051,3530.0,1,1,0,5.0
917.0,133.00000000005105,3535.0,1,1,0,5.0
918.0,132.0000000000511,3540.0,1,1,0,5.0
919.0,131.00000000005116,3545.0,1,1,0,5.0
920.0,130.00000000005122,3550.0,1,1,0,5.0
921.0,129.00000000005127,3555.0,1,1,0,5.0
922.0,128.00000000005133,3560.0,1,1,0,5.0
923.0,127.00000000005139,3565.0,1,1,0,5.0
924.0,126.00000000005144,3570.0,1,1,0,5.0
925.0,125.0000000000515,3575.0,1,1,0,5.0
926.0,124.00000000005156,3580.0,1,1,0,5.0
927.0,123.00000000005161,3585.0,1,1,0,5.0
928.0,122.00000000005167,3590.0,1,1,0,5.0
929.0,121.00000000005173,3595.0,1,1,0,5.0
930.0,120.00000000005178,3600.0,1,1,0,5.0
931.0,119.00000000005184,3605.0,1,1,0,5.0
932.0,118.0000000000519,3610.0,1,1,0,5.0
933.0,117.00000000005195,3615.0,1,1,0,5.0
934.0,116.00000000005201,3620.0,1,1,0,5.0
935.0,115.00000000005207,3625.0,1,1,0,5.0
936.0,114.00000000005213,3630.0,1,1,0,5.0
937.0,113.00000000005218,3635.0,1,1,0,5.0
938.0,112.00000000005224,3640.0,1,1,0,5.0
939.0,111.0000000000523,3645.0,1,1,0,5.0
940.0,110.00000000005235,3650.0,1,1,0,5.0
941.0,109.00000000005241,3655.0,1,1,0,5.0
942.0,108.00000000005247,3660.0,1,1,0,5.0
943.0,107.00000000005252,3665.0,1,1,0,5.0
944.0,106.00000000005258,3670.0,1,1,0,5.0
945.0,105.00000000005264,3675.0,1,1,0,5.0
946.0,104.0000000000527,3680.0,1,1,0,5.0
947.0,103.00000000005275,3685.0,1,1,0,5.0
948.0,102.00000000005281,3690.0,1,1,0,5.0
949.0,101.00000000005286,3695.0,1,1,0,5.0
950.0,100.00000000005292,3700.0,1,1,0,5.0
951.0,99.00000000005298,3705.0,1,1,0,5.0
952.0,98.00000000005303,3710.0,1,1,0,5.0
953.0,97.00000000005309,3715.0,1,1,0,5.0
954.0,96.00000000005315,3720.0,1,1,0,5.0
955.0,95.0000000000532,3725.0,1,1,0,5.0
956.0,94.00000000005326,3730.0,1,1,0,5.0
957.0,93.00000000005332,3735.0,1,1,0,5.0
958.0,92.00000000005338,3740.0,1,1,0,5.0
959.0,91.00000000005343,3745.0,1,1,0,5.0
960.0,90.00000000005349,3750.0,1,1,0,5.0
961.0,94.00000000005355,3750.0,1,0,0,0.0
962.0,98.0000000000536,3750.0,1,0,0,0.0
963.0,102.00000000005366,3750.0,1,0,0,0.0
964.0,106.00000000005372,3750.0,1,0,0,0.0
965.0,110.00000000005377,3750.0,1,0,0,0.0
966.0,114.00000000005383,3750.0,1,0,0,0.0
967.0,118.00000000005389,3750.0,1,0,0,0.0
968.0,122.00000000005394,3750.0,1,0,0,0.0
969.0,126.000000000054,3750.0,1,0,0,0.0
970.0,130.00000000005406,3750.0,1,0,0,0.0
971.0,134.00000000005411,3750.0,1,0,0,0.0
972.0,138.00000000005417,3750.0,1,0,0,0.0
973.0,142.00000000005423,3750.0,1,0,0,0.0
974.0,146.00000000005429,3750.0,1,0,0,0.0
975.0,150.00000000005434,3750.0,1,0,0,0.0
976.0,149.0000000000544,3755.0,1,1,0,5.0
977.0,148.00000000005446,3760.0,1,1,0,5.0
978.0,147.0000000000545,3765.0,1,1,0,5.0
979.0,146.00000000005457,3770.0,1,1,0,5.0
980.0,145.00000000005463,3775.0,1,1,0,5.0
981.0,144.00000000005468,3780.0,1,1,0,5.0
982.0,143.00000000005474,3785.0,1,1,0,5.0
983.0,142.0000000000548,3790.0,1,1,0,5.0
984.0,141.00000000005485,3795.0,1,1,0,5.0
985.0,140.0000000000549,3800.0,1,1,0,5.0
986.0,139.00000000005497,3805.0,1,1,0,5.0
987.0,138.00000000005502,3810.0,1,1,0,5.0
988.0,137.00000000005508,3815.0,1,1,0,5.0
989.0,136.00000000005514,3820.0,1,1,0,5.0
990.0,135.0000000000552,3825.0,1,1,0,5.0
991.0,134.00000000005525,3830.0,1,1,0,5.0
992.0,133.0000000000553,3835.0,1,1,0,5.0
993.0,132.00000000005537,3840.0,1,1,0,5.0
994.0,131.00000000005542,3845.0,1,1,0,5.0
995.0,130.00000000005548,3850.0,1,1,0,5.0
996.0,129.00000000005554,3855.0,1,1,0,5.0
997.0,128.0000000000556,3860.0,1,1,0,5.0
998.0,127.00000000005565,3865.0,1,1,0,5.0
999.0,126.0000000000557,3870.0,1,1,0,5.0
1000.0,125.00000000005576,3875.0,1,1,0,5.0
1001.0,124.00000000005582,3880.0,1,1,0,5.0
1002.0,123.00000000005588,3885.0,1,1,0,5.0
1003.0,122.00000000005593,3890.0,1,1,0,5.0
1004.0,121.00000000005599,3895.0,1,1,0,5.0
1005.0,120.00000000005605,3900.0,1,1,0,5.0
1006.0,119.0000000000561,3905.0,1,1,0,5.0
1007.0,118.00000000005616,3910.0,1,1,0,5.0
1008.0,117.00000000005622,3915.0,1,1,0,5.0
1009.0,116.00000000005627,3920.0,1,1,0,5.0
1010.0,115.00000000005633,3925.0,1,1,0,5.0
1011.0,114.00000000005639,3930.0,1,1,0,5.0
1012.0,113.00000000005645,3935.0,1,1,0,5.0
1013.0,112.0000000000565,3940.0,1,1,0,5.0
1014.0,111.00000000005656,3945.0,1,1,0,5.0
1015.0,110.00000000005662,3950.0,1,1,0,5.0
1016.0,109.00000000005667,3955.0,1,1,0,5.0
1017.0,108.00000000005673,3960.0,1,1,0,5.0
1018.0,107.00000000005679,3965.0,1,1,0,5.0
1019.0,106.00000000005684,3970.0,1,1,0,5.0
1020.0,105.0000000000569,3975.0,1,1,0,5.0
1021.0,104.00000000005696,3980.0,1,1,0,5.0
1022.0,103.00000000005701,3985.0,1,1,0,5.0
1023.0,102.00000000005707,3990.0,1,1,0,5.0
1024.0,101.00000000005713,3995.0,1,1,0,5.0
1025.0,100.00000000005718,4000.0,1,1,0,5.0
1026.0,99.00000000005724,4005.0,1,1,0,5.0
1027.0,98.0000000000573,4010.0,1,1,0,5.0
1028.0,97.00000000005736,4015.0,1,1,0,5.0
1029.0,96.00000000005741,4020.0,1,1,0,5.0
1030.0,95.00000000005747,4025.0,1,1,0,5.0
1031.0,94.00000000005753,4030.0,1,1,0,5.0
1032.0,93.00000000005758,4035.0,1,1,0,5.0
1033.0,92.00000000005764,4040.0,1,1,0,5.0
1034.0,91.0000000000577,4045.0,1,1,0,5.0
1035.0,90.00000000005775,4050.0,1,1,0,5.0
1036.0,94.00000000005781,4044.000000000001,1,0,1,0.0
1037.0,98.00000000005787,4038.000000000002,1,0,1,0.0
1038.0,102.00000000005792,4032.0000000000027,1,0,1,0.0
1039.0,106.00000000005798,4026.0000000000036,1,0,1,0.0
1040.0,110.00000000005804,4020.0000000000045,1,0,1,0.0
1041.0,114.0000000000581,4014.0000000000055,1,0,1,0.0
1042.0,118.00000000005815,4008.0000000000064,1,0,1,0.0
1043.0,122.00000000005821,4002.0000000000073,1,0,1,0.0
1044.0,126.00000000005826,3996.000000000008,1,0,1,0.0
1045.0,130.00000000005832,3990.000000000009,1,0,1,0.0
1046.0,134.00000000005838,3984.00000000001,1,0,1,0.0
1047.0,138.00000000005844,3978.000000000011,1,0,1,0.0
1048.0,142.0000000000585,3972.000000000012,1,0,1,0.0
1049.0,146.00000000005855,3966.0000000000127,1,0,1,0.0
1050.0,150.0000000000586,3960.0000000000136,1,0,1,0.0
1051.0,149.00000000005866,3965.0000000000136,1,1,0,5.0
1052.0,148.00000000005872,3970.0000000000136,1,1,0,5.0
1053.0,147.00000000005878,3975.0000000000136,1,1,0,5.0
1054.0,146.00000000005883,3980.0000000000136,1,1,0,5.0
1055.0,145.0000000000589,3985.0000000000136,1,1,0,5.0
1056.0,144.00000000005895,3990.0000000000136,1,1,0,5.0
1057.0,143.000000000059,3995.0000000000136,1,1,0,5.0
1058.0,142.00000000005906,4000.0000000000136,1,1,0,5.0
1059.0,141.00000000005912,4005.0000000000136,1,1,0,5.0
1060.0,140.00000000005917,4010.0000000000136,1,1,0,5.0
1061.0,139.00000000005923,4015.0000000000136,1,1,0,5.0
1062.0,138.0000000000593,4020.0000000000136,1,1,0,5.0
1063.0,137.00000000005934,4025.0000000000136,1,1,0,5.0
1064.0,136.0000000000594,4030.0000000000136,1,1,0,5.0
1065.0,135.00000000005946,4035.0000000000136,1,1,0,5.0
1066.0,134.00000000005952,4034.0000000000146,1,1,1,5.0
1067.0,133.00000000005957,4033.0000000000155,1,1,1,5.0
1068.0,132.00000000005963,4032.0000000000164,1,1,1,5.0
1069.0,131.00000000005969,4031.0000000000173,1,1,1,5.0
1070.0,130.00000000005974,4030.000000000018,1,1,1,5.0
1071.0,129.0000000000598,4029.000000000019,1,1,1,5.0
1072.0,128.00000000005986,4028.00000000002,1,1,1,5.0
1073.0,127.00000000005991,4027.000000000021,1,1,1,5.0
1074.0,126.00000000005997,4026.000000000022,1,1,1,5.0
1075.0,125.00000000006003,4025.0000000000227,1,1,1,5.0
1076.0,124.00000000006008,4024.0000000000236,1,1,1,5.0
1077.0,123.00000000006014,4023.0000000000246,1,1,1,5.0
1078.0,122.0000000000602,4022.0000000000255,1,1,1,5.0
1079.0,121.00000000006025,4021.0000000000264,1,1,1,5.0
1080.0,120.00000000006031,4020.0000000000273,1,1,1,5.0
1081.0,119.00000000006037,4019.000000000028,1,1,1,5.0
1082.0,118.00000000006042,4018.000000000029,1,1,1,5.0
1083.0,117.00000000006048,4017.00000000003,1,1,1,5.0
1084.0,116.00000000006054,4016.000000000031,1,1,1,5.0
1085.0,115.0000000000606,4015.000000000032,1,1,1,5.0
1086.0,114.00000000006065,4014.0000000000327,1,1,1,5.0
1087.0,113.00000000006071,4013.0000000000337,1,1,1,5.0
1088.0,112.00000000006077,4012.0000000000346,1,1,1,5.0
1089.0,111.00000000006082,4011.0000000000355,1,1,1,5.0
1090.0,110.00000000006088,4010.0000000000364,1,1,1,5.0
1091.0,109.00000000006094,4009.0000000000373,1,1,1,5.0
1092.0,108.000000000061,4008.000000000038,1,1,1,5.0
1093.0,107.00000000006105,4007.000000000039,1,1,1,5.0
1094.0,106.0000000000611,4006.00000000004,1,1,1,5.0
1095.0,105.00000000006116,4005.000000000041,1,1,1,5.0
1096.0,104.00000000006122,4004.000000000042,1,1,1,5.0
1097.0,103.00000000006128,4003.0000000000427,1,1,1,5.0
1098.0,102.00000000006133,4002.0000000000437,1,1,1,5.0
1099.0,101.00000000006139,4001.0000000000446,1,1,1,5.0
1100.0,100.00000000006145,4000.0000000000455,1,1,1,5.0
1101.0,99.0000000000615,3999.0000000000464,1,1,1,5.0
1102.0,98.00000000006156,3998.0000000000473,1,1,1,5.0
1103.0,97.00000000006162,3997.000000000048,1,1,1,5.0
1104.0,96.00000000006168,3996.000000000049,1,1,1,5.0
1105.0,95.00000000006173,3995.00000000005,1,1,1,5.0
1106.0,94.00000000006179,3994.000000000051,1,1,1,5.0
1107.0,93.00000000006185,3993.000000000052,1,1,1,5.0
1108.0,92.0000000000619,3992.0000000000528,1,1,1,5.0
1109.0,91.00000000006196,3991.0000000000537,1,1,1,5.0
1110.0,90.00000000006202,3990.0000000000546,1,1,1,5.0
1111.0,94.00000000006207,3990.0000000000546,1,0,0,0.0
1112.0,98.00000000006213,3990.0000000000546,1,0,0,0.0
1113.0,102.00000000006219,3990.0000000000546,1,0,0,0.0
1114.0,106.00000000006224,3990.0000000000546,1,0,0,0.0
1115.0,110.0000000000623,3990.0000000000546,1,0,0,0.0
1116.0,114.00000000006236,3990.0000000000546,1,0,0,0.0
1117.0,118.00000000006241,3990.0000000000546,1,0,0,0.0
1118.0,122.00000000006247,3990.0000000000546,1,0,0,0.0
1119.0,126.00000000006253,3990.0000000000546,1,0,0,0.0
1120.0,130.00000000006258,3990.0000000000546,1,0,0,0.0
1121.0,134.00000000006264,3990.0000000000546,1,0,0,0.0
1122.0,138.0000000000627,3990.0000000000546,1,0,0,0.0
1123.0,142.00000000006276,3990.0000000000546,1,0,0,0.0
1124.0,146.0000000000628,3990.0000000000546,1,0,0,0.0
1125.0,150.00000000006287,3990.0000000000546,1,0,0,0.0
1126.0,149.00000000006293,3995.0000000000546,1,1,0,5.0
1127.0,148.00000000006298,4000.0000000000546,1,1,0,5.0
1128.0,147.00000000006304,4005.0000000000546,1,1,0,5.0
1129.0,146.0000000000631,4010.0000000000546,1,1,0,5.0
1130.0,145.00000000006315,4015.0000000000546,1,1,0,5.0
1131.0,144.0000000000632,4020.0000000000546,1,1,0,5.0
1132.0,143.00000000006327,4025.0000000000546,1,1,0,5.0
1133.0,142.00000000006332,4030.0000000000546,1,1,0,5.0
1134.0,141.00000000006338,4035.0000000000546,1,1,0,5.0
1135.0,140.00000000006344,4040.0000000000546,1,1,0,5.0
1136.0,139.0000000000635,4045.0000000000546,1,1,0,5.0
1137.0,138.00000000006355,4050.0000000000546,1,1,0,5.0
1138.0,137.0000000000636,4055.0000000000546,1,1,0,5.0
1139.0,136.00000000006366,4060.0000000000546,1,1,0,5.0
1140.0,135.00000000006372,4065.0000000000546,1,1,0,5.0
1141.0,134.00000000006378,4064.0000000000555,1,1,1,5.0
1142.0,133.00000000006384,4063.0000000000564,1,1,1,5.0
1143.0,132.0000000000639,4062.0000000000573,1,1,1,5.0
1144.0,131.00000000006395,4061.000000000058,1,1,1,5.0
1145.0,130.000000000064,4060.000000000059,1,1,1,5.0
1146.0,129.00000000006406,4059.00000000006,1,1,1,5.0
1147.0,128.00000000006412,4058.000000000061,1,1,1,5.0
1148.0,127.00000000006418,4057.000000000062,1,1,1,5.0
1149.0,126.00000000006423,4056.0000000000628,1,1,1,5.0
1150.0,125.00000000006429,4055.0000000000637,1,1,1,5.0
1151.0,124.00000000006435,4054.0000000000646,1,1,1,5.0
1152.0,123.0000000000644,4053.0000000000655,1,1,1,5.0
1153.0,122.00000000006446,4052.0000000000664,1,1,1,5.0
1154.0,121.00000000006452,4051.0000000000673,1,1,1,5.0
1155.0,120.00000000006457,4050.000000000068,1,1,1,5.0
1156.0,119.00000000006463,4049.000000000069,1,1,1,5.0
1157.0,118.00000000006469,4048.00000000007,1,1,1,5.0
1158.0,117.00000000006474,4047.000000000071,1,1,1,5.0
1159.0,116.0000000000648,4046.000000000072,1,1,1,5.0
1160.0,115.00000000006486,4045.0000000000728,1,1,1,5.0
1161.0,114.00000000006492,4044.0000000000737,1,1,1,5.0
1162.0,113.00000000006497,4043.0000000000746,1,1,1,5.0
1163.0,112.00000000006503,4042.0000000000755,1,1,1,5.0
1164.0,111.00000000006509,4041.0000000000764,1,1,1,5.0
1165.0,110.00000000006514,4040.0000000000773,1,1,1,5.0
1166.0,109.0000000000652,4039.000000000078,1,1,1,5.0
1167.0,108.00000000006526,4038.000000000079,1,1,1,5.0
1168.0,107.00000000006531,4037.00000000008,1,1,1,5.0
1169.0,106.00000000006537,4036.000000000081,1,1,1,5.0
1170.0,105.00000000006543,4035.000000000082,1,1,1,5.0
1171.0,104.00000000006548,4034.0000000000828,1,1,1,5.0
1172.0,103.00000000006554,4033.0000000000837,1,1,1,5.0
1173.0,102.0000000000656,4032.0000000000846,1,1,1,5.0
1174.0,101.00000000006565,4031.0000000000855,1,1,1,5.0
1175.0,100.00000000006571,4030.0000000000864,1,1,1,5.0
1176.0,99.00000000006577,4029.0000000000873,1,1,1,5.0
1177.0,98.00000000006582,4028.000000000088,1,1,1,5.0
1178.0,97.00000000006588,4027.000000000089,1,1,1,5.0
1179.0,96.00000000006594,4026.00000000009,1,1,1,5.0
1180.0,95.000000000066,4025.000000000091,1,1,1,5.0
1181.0,94.00000000006605,4024.000000000092,1,1,1,5.0
1182.0,93.00000000006611,4023.0000000000928,1,1,1,5.0
1183.0,92.00000000006617,4022.0000000000937,1,1,1,5.0
1184.0,91.00000000006622,4021.0000000000946,1,1,1,5.0
1185.0,90.00000000006628,4020.0000000000955,1,1,1,5.0
1186.0,94.00000000006634,4014.0000000000964,1,0,1,0.0
1187.0,98.0000000000664,4008.0000000000973,1,0,1,0.0
1188.0,102.00000000006645,4002.000000000098,1,0,1,0.0
1189.0,106.0000000000665,3996.000000000099,1,0,1,0.0
1190.0,110.00000000006656,3990.0000000001,1,0,1,0.0
1191.0,114.00000000006662,3984.000000000101,1,0,1,0.0
1192.0,118.00000000006668,3978.000000000102,1,0,1,0.0
1193.0,122.00000000006673,3972.000000000103,1,0,1,0.0
1194.0,126.00000000006679,3966.0000000001037,1,0,1,0.0
1195.0,130.00000000006685,3960.0000000001046,1,0,1,0.0
1196.0,134.0000000000669,3954.0000000001055,1,0,1,0.0
1197.0,138.00000000006696,3948.0000000001064,1,0,1,0.0
1198.0,142.00000000006702,3942.0000000001073,1,0,1,0.0
1199.0,146.00000000006708,3936.0000000001082,1,0,1,0.0
1200.0,150.00000000006713,3930.000000000109,1,0,1,0.0
1201.0,149.0000000000672,3935.000000000109,1,1,0,5.0
1202.0,148.00000000006725,3940.000000000109,1,1,0,5.0
1203.0,147.0000000000673,3945.000000000109,1,1,0,5.0
1204.0,146.00000000006736,3950.000000000109,1,1,0,5.0
1205.0,145.00000000006742,3955.000000000109,1,1,0,5.0
1206.0,144.00000000006747,3960.000000000109,1,1,0,5.0
1207.0,143.00000000006753,3965.000000000109,1,1,0,5.0
1208.0,142.0000000000676,3970.000000000109,1,1,0,5.0
1209.0,141.00000000006764,3975.000000000109,1,1,0,5.0
1210.0,140.0000000000677,3980.000000000109,1,1,0,5.0
1211.0,139.00000000006776,3985.000000000109,1,1,0,5.0
1212.0,138.0000000000678,3990.000000000109,1,1,0,5.0
1213.0,137.00000000006787,3995.000000000109,1,1,0,5.0
1214.0,136.00000000006793,4000.000000000109,1,1,0,5.0
1215.0,135.00000000006798,4005.000000000109,1,1,0,5.0
1216.0,134.00000000006804,4004.00000000011,1,1,1,5.0
1217.0,133.0000000000681,4003.000000000111,1,1,1,5.0
1218.0,132.00000000006816,4002.000000000112,1,1,1,5.0
1219.0,131.0000000000682,4001.000000000113,1,1,1,5.0
1220.0,130.00000000006827,4000.0000000001137,1,1,1,5.0
1221.0,129.00000000006833,3999.0000000001146,1,1,1,5.0
1222.0,128.00000000006838,3998.0000000001155,1,1,1,5.0
1223.0,127.00000000006844,3997.0000000001164,1,1,1,5.0
1224.0,126.0000000000685,3996.0000000001173,1,1,1,5.0
1225.0,125.00000000006855,3995.0000000001182,1,1,1,5.0
1226.0,124.00000000006861,3994.000000000119,1,1,1,5.0
1227.0,123.00000000006867,3993.00000000012,1,1,1,5.0
1228.0,122.00000000006872,3992.000000000121,1,1,1,5.0
1229.0,121.00000000006878,3991.000000000122,1,1,1,5.0
1230.0,120.00000000006884,3990.000000000123,1,1,1,5.0
1231.0,119.0000000000689,3995.000000000123,1,1,0,5.0
1232.0,118.00000000006895,4000.000000000123,1,1,0,5.0
1233.0,117.00000000006901,4005.000000000123,1,1,0,5.0
1234.0,116.00000000006906,4010.000000000123,1,1,0,5.0
1235.0,115.00000000006912,4015.000000000123,1,1,0,5.0
1236.0,114.00000000006918,4020.000000000123,1,1,0,5.0
1237.0,113.00000000006924,4025.000000000123,1,1,0,5.0
1238.0,112.00000000006929,4030.000000000123,1,1,0,5.0
1239.0,111.00000000006935,4035.000000000123,1,1,0,5.0
1240.0,110.0000000000694,4040.000000000123,1,1,0,5.0
1241.0,109.00000000006946,4045.000000000123,1,1,0,5.0
1242.0,108.00000000006952,4050.000000000123,1,1,0,5.0
1243.0,107.00000000006958,4055.000000000123,1,1,0,5.0
1244.0,106.00000000006963,4060.000000000123,1,1,0,5.0
1245.0,105.00000000006969,4065.000000000123,1,1,0,5.0
1246.0,104.00000000006975,4064.0000000001237,1,1,1,5.0
1247.0,103.0000000000698,4063.0000000001246,1,1,1,5.0
1248.0,102.00000000006986,4062.0000000001255,1,1,1,5.0
1249.0,101.00000000006992,4061.0000000001264,1,1,1,5.0
1250.0,100.00000000006997,4060.0000000001273,1,1,1,5.0
1251.0,99.00000000007003,4059.0000000001282,1,1,1,5.0
1252.0,98.00000000007009,4058.000000000129,1,1,1,5.0
1253.0,97.00000000007014,4057.00000000013,1,1,1,5.0
1254.0,96.0000000000702,4056.000000000131,1,1,1,5.0
1255.0,95.00000000007026,4055.000000000132,1,1,1,5.0
1256.0,94.00000000007032,4054.000000000133,1,1,1,5.0
1257.0,93.00000000007037,4053.0000000001337,1,1,1,5.0
1258.0,92.00000000007043,4052.0000000001346,1,1,1,5.0
1259.0,91.00000000007049,4051.0000000001355,1,1,1,5.0
1260.0,90.00000000007054,4050.0000000001364,1,1,1,5.0
1261.0,94.0000000000706,4044.0000000001373,1,0,1,0.0
1262.0,98.00000000007066,4038.0000000001382,1,0,1,0.0
1263.0,102.00000000007071,4032.000000000139,1,0,1,0.0
1264.0,106.00000000007077,4026.00000000014,1,0,1,0.0
1265.0,110.00000000007083,4020.000000000141,1,0,1,0.0
1266.0,114.00000000007088,4014.000000000142,1,0,1,0.0
1267.0,118.00000000007094,4008.000000000143,1,0,1,0.0
1268.0,122.000000000071,4002.0000000001437,1,0,1,0.0
1269.0,126.00000000007105,3996.0000000001446,1,0,1,0.0
1270.0,130.0000000000711,3990.0000000001455,1,0,1,0.0
1271.0,134.00000000007117,3984.0000000001464,1,0,1,0.0
1272.0,138.00000000007122,3978.0000000001473,1,0,1,0.0
1273.0,142.00000000007128,3972.0000000001482,1,0,1,0.0
1274.0,146.00000000007134,3966.000000000149,1,0,1,0.0
1275.0,150.0000000000714,3960.00000000015,1,0,1,0.0
1276.0,149.00000000007145,3965.00000000015,1,1,0,5.0
1277.0,148.0000000000715,3970.00000000015,1,1,0,5.0
1278.0,147.00000000007157,3975.00000000015,1,1,0,5.0
1279.0,146.00000000007162,3980.00000000015,1,1,0,5.0
1280.0,145.00000000007168,3985.00000000015,1,1,0,5.0
1281.0,144.00000000007174,3990.00000000015,1,1,0,5.0
1282.0,143.0000000000718,3995.00000000015,1,1,0,5.0
1283.0,142.00000000007185,4000.00000000015,1,1,0,5.0
1284.0,141.0000000000719,4005.00000000015,1,1,0,5.0
1285.0,140.00000000007196,4010.00000000015,1,1,0,5.0
1286.0,139.00000000007202,4015.00000000015,1,1,0,5.0
1287.0,138.00000000007208,4020.00000000015,1,1,0,5.0
1288.0,137.00000000007213,4025.00000000015,1,1,0,5.0
1289.0,136.0000000000722,4030.00000000015,1,1,0,5.0
1290.0,135.00000000007225,4035.00000000015,1,1,0,5.0
1291.0,134.0000000000723,4034.000000000151,1,1,1,5.0
1292.0,133.00000000007236,4033.000000000152,1,1,1,5.0
1293.0,132.00000000007242,4032.000000000153,1,1,1,5.0
1294.0,131.00000000007248,4031.0000000001537,1,1,1,5.0
1295.0,130.00000000007253,4030.0000000001546,1,1,1,5.0
1296.0,129.0000000000726,4029.0000000001555,1,1,1,5.0
1297.0,128.00000000007265,4028.0000000001564,1,1,1,5.0
1298.0,127.0000000000727,4027.0000000001573,1,1,1,5.0
1299.0,126.00000000007276,4026.0000000001583,1,1,1,5.0
1300.0,125.00000000007282,4025.000000000159,1,1,1,5.0
1301.0,124.00000000007287,4024.00000000016,1,1,1,5.0
1302.0,123.00000000007293,4023.000000000161,1,1,1,5.0
1303.0,122.00000000007299,4022.000000000162,1,1,1,5.0
1304.0,121.00000000007304,4021.000000000163,1,1,1,5.0
1305.0,120.0000000000731,4020.0000000001637,1,1,1,5.0
1306.0,119.00000000007316,4019.0000000001646,1,1,1,5.0
1307.0,118.00000000007321,4018.0000000001655,1,1,1,5.0
1308.0,117.00000000007327,4017.0000000001664,1,1,1,5.0
1309.0,116.00000000007333,4016.0000000001673,1,1,1,5.0
1310.0,115.00000000007338,4015.0000000001683,1,1,1,5.0
1311.0,114.00000000007344,4014.000000000169,1,1,1,5.0
1312.0,113.0000000000735,4013.00000000017,1,1,1,5.0
1313.0,112.00000000007356,4012.000000000171,1,1,1,5.0
1314.0,111.00000000007361,4011.000000000172,1,1,1,5.0
1315.0,110.00000000007367,4010.000000000173,1,1,1,5.0
1316.0,109.00000000007373,4009.0000000001737,1,1,1,5.0
1317.0,108.00000000007378,4008.0000000001746,1,1,1,5.0
1318.0,107.00000000007384,4007.0000000001755,1,1,1,5.0
1319.0,106.0000000000739,4006.0000000001764,1,1,1,5.0
1320.0,105.00000000007395,4005.0000000001774,1,1,1,5.0
1321.0,104.00000000007401,4004.0000000001783,1,1,1,5.0
1322.0,103.00000000007407,4003.000000000179,1,1,1,5.0
1323.0,102.00000000007412,4002.00000000018,1,1,1,5.0
1324.0,101.00000000007418,4001.000000000181,1,1,1,5.0
1325.0,100.00000000007424,4000.000000000182,1,1,1,5.0
1326.0,99.0000000000743,3999.000000000183,1,1,1,5.0
1327.0,98.00000000007435,3998.0000000001837,1,1,1,5.0
1328.0,97.00000000007441,3997.0000000001846,1,1,1,5.0
1329.0,96.00000000007446,3996.0000000001855,1,1,1,5.0
1330.0,95.00000000007452,3995.0000000001864,1,1,1,5.0
1331.0,94.00000000007458,3994.0000000001874,1,1,1,5.0
1332.0,93.00000000007464,3993.0000000001883,1,1,1,5.0
1333.0,92.00000000007469,3992.000000000189,1,1,1,5.0
1334.0,91.00000000007475,3991.00000000019,1,1,1,5.0
1335.0,90.0000000000748,3990.000000000191,1,1,1,5.0
1336.0,94.00000000007486,3990.000000000191,1,0,0,0.0
1337.0,98.00000000007492,3990.000000000191,1,0,0,0.0
1338.0,102.00000000007498,3990.000000000191,1,0,0,0.0
1339.0,106.00000000007503,3990.000000000191,1,0,0,0.0
1340.0,110.00000000007509,3990.000000000191,1,0,0,0.0
1341.0,114.00000000007515,3990.000000000191,1,0,0,0.0
1342.0,118.0000000000752,3990.000000000191,1,0,0,0.0
1343.0,122.00000000007526,3990.000000000191,1,0,0,0.0
1344.0,126.00000000007532,3990.000000000191,1,0,0,0.0
1345.0,130.00000000007537,3990.000000000191,1,0,0,0.0
1346.0,134.00000000007543,3990.000000000191,1,0,0,0.0
1347.0,138.0000000000755,3990.000000000191,1,0,0,0.0
1348.0,142.00000000007554,3990.000000000191,1,0,0,0.0
1349.0,146.0000000000756,3990.000000000191,1,0,0,0.0
1350.0,150.00000000007566,3990.000000000191,1,0,0,0.0
1351.0,149.00000000007572,3995.000000000191,1,1,0,5.0
1352.0,148.00000000007577,4000.000000000191,1,1,0,5.0
1353.0,147.00000000007583,4005.000000000191,1,1,0,5.0
1354.0,146.0000000000759,4010.000000000191,1,1,0,5.0
1355.0,145.00000000007594,4015.000000000191,1,1,0,5.0
1356.0,144.000000000076,4020.000000000191,1,1,0,5.0
1357.0,143.00000000007606,4025.000000000191,1,1,0,5.0
1358.0,142.0000000000761,4030.000000000191,1,1,0,5.0
1359.0,141.00000000007617,4035.000000000191,1,1,0,5.0
1360.0,140.00000000007623,4040.000000000191,1,1,0,5.0
1361.0,139.00000000007628,4045.000000000191,1,1,0,5.0
1362.0,138.00000000007634,4050.000000000191,1,1,0,5.0
1363.0,137.0000000000764,4055.000000000191,1,1,0,5.0
1364.0,136.00000000007645,4060.000000000191,1,1,0,5.0
1365.0,135.0000000000765,4065.000000000191,1,1,0,5.0
1366.0,134.00000000007657,4064.000000000192,1,1,1,5.0
1367.0,133.00000000007662,4063.000000000193,1,1,1,5.0
1368.0,132.00000000007668,4062.0000000001937,1,1,1,5.0
1369.0,131.00000000007674,4061.0000000001946,1,1,1,5.0
1370.0,130.0000000000768,4060.0000000001955,1,1,1,5.0
1371.0,129.00000000007685,4059.0000000001965,1,1,1,5.0
1372.0,128.0000000000769,4058.0000000001974,1,1,1,5.0
1373.0,127.00000000007697,4057.0000000001983,1,1,1,5.0
1374.0,126.00000000007702,4056.000000000199,1,1,1,5.0
1375.0,125.00000000007708,4055.0000000002,1,1,1,5.0
1376.0,124.00000000007714,4054.000000000201,1,1,1,5.0
1377.0,123.0000000000772,4053.000000000202,1,1,1,5.0
1378.0,122.00000000007725,4052.000000000203,1,1,1,5.0
1379.0,121.0000000000773,4051.0000000002037,1,1,1,5.0
1380.0,120.00000000007736,4050.0000000002046,1,1,1,5.0
1381.0,119.00000000007742,4049.0000000002055,1,1,1,5.0
1382.0,118.00000000007748,4048.0000000002065,1,1,1,5.0
1383.0,117.00000000007753,4047.0000000002074,1,1,1,5.0
1384.0,116.00000000007759,4046.0000000002083,1,1,1,5.0
1385.0,115.00000000007765,4045.000000000209,1,1,1,5.0
1386.0,114.0000000000777,4044.00000000021,1,1,1,5.0
1387.0,113.00000000007776,4043.000000000211,1,1,1,5.0
1388.0,112.00000000007782,4042.000000000212,1,1,1,5.0
1389.0,111.00000000007788,4041.000000000213,1,1,1,5.0
1390.0,110.00000000007793,4040.0000000002137,1,1,1,5.0
1391.0,109.00000000007799,4039.0000000002146,1,1,1,5.0
1392.0,108.00000000007805,4038.0000000002156,1,1,1,5.0
1393.0,107.0000000000781,4037.0000000002165,1,1,1,5.0
1394.0,106.00000000007816,4036.0000000002174,1,1,1,5.0
1395.0,105.00000000007822,4035.0000000002183,1,1,1,5.0
1396.0,104.00000000007827,4034.000000000219,1,1,1,5.0
1397.0,103.00000000007833,4033.00000000022,1,1,1,5.0
1398.0,102.00000000007839,4032.000000000221,1,1,1,5.0
1399.0,101.00000000007844,4031.000000000222,1,1,1,5.0
1400.0,100.0000000000785,4030.000000000223,1,1,1,5.0
1401.0,99.00000000007856,4029.0000000002237,1,1,1,5.0
1402.0,98.00000000007861,4028.0000000002246,1,1,1,5.0
1403.0,97.00000000007867,4027.0000000002256,1,1,1,5.0
1404.0,96.00000000007873,4026.0000000002265,1,1,1,5.0
1405.0,95.00000000007878,4025.0000000002274,1,1,1,5.0
1406.0,94.00000000007884,4024.0000000002283,1,1,1,5.0
1407.0,93.0000000000789,4023.000000000229,1,1,1,5.0
1408.0,92.00000000007896,4022.00000000023,1,1,1,5.0
1409.0,91.00000000007901,4021.000000000231,1,1,1,5.0
1410.0,90.00000000007907,4020.000000000232,1,1,1,5.0
1411.0,94.00000000007913,4014.000000000233,1,0,1,0.0
1412.0,98.00000000007918,4008.0000000002337,1,0,1,0.0
1413.0,102.00000000007924,4002.0000000002346,1,0,1,0.0
1414.0,106.0000000000793,3996.0000000002356,1,0,1,0.0
1415.0,110.00000000007935,3990.0000000002365,1,0,1,0.0
1416.0,114.00000000007941,3984.0000000002374,1,0,1,0.0
1417.0,118.00000000007947,3978.0000000002383,1,0,1,0.0
1418.0,122.00000000007952,3972.000000000239,1,0,1,0.0
1419.0,126.00000000007958,3966.00000000024,1,0,1,0.0
1420.0,130.00000000007964,3960.000000000241,1,0,1,0.0
1421.0,134.0000000000797,3954.000000000242,1,0,1,0.0
1422.0,138.00000000007975,3948.000000000243,1,0,1,0.0
1423.0,142.0000000000798,3942.0000000002437,1,0,1,0.0
1424.0,146.00000000007987,3936.0000000002447,1,0,1,0.0
1425.0,150.00000000007992,3930.0000000002456,1,0,1,0.0
1426.0,149.00000000007998,3935.0000000002456,1,1,0,5.0
1427.0,148.00000000008004,3940.0000000002456,1,1,0,5.0
1428.0,147.0000000000801,3945.0000000002456,1,1,0,5.0
1429.0,146.00000000008015,3950.0000000002456,1,1,0,5.0
1430.0,145.0000000000802,3955.0000000002456,1,1,0,5.0
1431.0,144.00000000008026,3960.0000000002456,1,1,0,5.0
1432.0,143.00000000008032,3965.0000000002456,1,1,0,5.0
1433.0,142.00000000008038,3970.0000000002456,1,1,0,5.0
1434.0,141.00000000008043,3975.0000000002456,1,1,0,5.0
1435.0,140.0000000000805,3980.0000000002456,1,1,0,5.0
1436.0,139.00000000008055,3985.0000000002456,1,1,0,5.0
1437.0,138.0000000000806,3990.0000000002456,1,1,0,5.0
1438.0,137.00000000008066,3995.0000000002456,1,1,0,5.0
1439.0,136.00000000008072,4000.0000000002456,1,1,0,5.0
1440.0,135.00000000008077,4005.0000000002456,1,1,0,5.0
1441.0,134.00000000008083,4004.0000000002465,1,1,1,5.0
1442.0,133.0000000000809,4003.0000000002474,1,1,1,5.0
1443.0,132.00000000008095,4002.0000000002483,1,1,1,5.0
1444.0,131.000000000081,4001.000000000249,1,1,1,5.0
1445.0,130.00000000008106,4000.00000000025,1,1,1,5.0
1446.0,129.00000000008112,3999.000000000251,1,1,1,5.0
1447.0,128.00000000008117,3998.000000000252,1,1,1,5.0
1448.0,127.00000000008123,3997.000000000253,1,1,1,5.0
1449.0,126.00000000008129,3996.0000000002537,1,1,1,5.0
1450.0,125.00000000008134,3995.0000000002547,1,1,1,5.0
1451.0,124.0000000000814,3994.0000000002556,1,1,1,5.0
1452.0,123.00000000008146,3993.0000000002565,1,1,1,5.0
1453.0,122.00000000008151,3992.0000000002574,1,1,1,5.0
1454.0,121.00000000008157,3991.0000000002583,1,1,1,5.0
1455.0,120.00000000008163,3990.000000000259,1,1,1,5.0
1456.0,119.00000000008168,3995.000000000259,1,1,0,5.0
1457.0,118.00000000008174,4000.000000000259,1,1,0,5.0
1458.0,117.0000000000818,4005.000000000259,1,1,0,5.0
1459.0,116.00000000008185,4010.000000000259,1,1,0,5.0
1460.0,115.00000000008191,4015.000000000259,1,1,0,5.0
1461.0,114.00000000008197,4020.000000000259,1,1,0,5.0
1462.0,113.00000000008203,4025.000000000259,1,1,0,5.0
1463.0,112.00000000008208,4030.000000000259,1,1,0,5.0
1464.0,111.00000000008214,4035.000000000259,1,1,0,5.0
1465.0,110.0000000000822,4040.000000000259,1,1,0,5.0
1466.0,109.00000000008225,4045.000000000259,1,1,0,5.0
1467.0,108.00000000008231,4050.000000000259,1,1,0,5.0
1468.0,107.00000000008237,4055.000000000259,1,1,0,5.0
1469.0,106.00000000008242,4060.000000000259,1,1,0,5.0
1470.0,105.00000000008248,4065.000000000259,1,1,0,5.0
1471.0,104.00000000008254,4064.00000000026,1,1,1,5.0
1472.0,103.0000000000826,4063.000000000261,1,1,1,5.0
1473.0,102.00000000008265,4062.000000000262,1,1,1,5.0
1474.0,101.00000000008271,4061.000000000263,1,1,1,5.0
1475.0,100.00000000008276,4060.0000000002638,1,1,1,5.0
1476.0,99.00000000008282,4059.0000000002647,1,1,1,5.0
1477.0,98.00000000008288,4058.0000000002656,1,1,1,5.0
1478.0,97.00000000008293,4057.0000000002665,1,1,1,5.0
1479.0,96.00000000008299,4056.0000000002674,1,1,1,5.0
1480.0,95.00000000008305,4055.0000000002683,1,1,1,5.0
1481.0,94.0000000000831,4054.000000000269,1,1,1,5.0
1482.0,93.00000000008316,4053.00000000027,1,1,1,5.0
1483.0,92.00000000008322,4052.000000000271,1,1,1,5.0
1484.0,91.00000000008328,4051.000000000272,1,1,1,5.0
1485.0,90.00000000008333,4050.000000000273,1,1,1,5.0
1486.0,94.00000000008339,4044.0000000002738,1,0,1,0.0
1487.0,98.00000000008345,4038.0000000002747,1,0,1,0.0
1488.0,102.0000000000835,4032.0000000002756,1,0,1,0.0
1489.0,106.00000000008356,4026.0000000002765,1,0,1,0.0
1490.0,110.00000000008362,4020.0000000002774,1,0,1,0.0
1491.0,114.00000000008367,4014.0000000002783,1,0,1,0.0
1492.0,118.00000000008373,4008.000000000279,1,0,1,0.0
1493.0,122.00000000008379,4002.00000000028,1,0,1,0.0
1494.0,126.00000000008384,3996.000000000281,1,0,1,0.0
1495.0,130.0000000000839,3990.000000000282,1,0,1,0.0
1496.0,134.00000000008396,3984.000000000283,1,0,1,0.0
1497.0,138.00000000008401,3978.0000000002838,1,0,1,0.0
1498.0,142.00000000008407,3972.0000000002847,1,0,1,0.0
1499.0,146.00000000008413,3966.0000000002856,1,0,1,0.0
1500.0,150.00000000008419,3960.0000000002865,1,0,1,0.0
1501.0,149.00000000008424,3965.0000000002865,1,1,0,5.0
1502.0,148.0000000000843,3970.0000000002865,1,1,0,5.0
1503.0,147.00000000008436,3975.0000000002865,1,1,0,5.0
1504.0,146.0000000000844,3980.0000000002865,1,1,0,5.0
1505.0,145.00000000008447,3985.0000000002865,1,1,0,5.0
1506.0,144.00000000008453,3990.0000000002865,1,1,0,5.0
1507.0,143.00000000008458,3995.0000000002865,1,1,0,5.0
1508.0,142.00000000008464,4000.0000000002865,1,1,0,5.0
1509.0,141.0000000000847,4005.0000000002865,1,1,0,5.0
1510.0,140.00000000008475,4010.0000000002865,1,1,0,5.0
1511.0,139.0000000000848,4015.0000000002865,1,1,0,5.0
1512.0,138.00000000008487,4020.0000000002865,1,1,0,5.0
1513.0,137.00000000008492,4025.0000000002865,1,1,0,5.0
1514.0,136.00000000008498,4030.0000000002865,1,1,0,5.0
1515.0,135.00000000008504,4035.0000000002865,1,1,0,5.0
1516.0,134.0000000000851,4034.0000000002874,1,1,1,5.0
1517.0,133.00000000008515,4033.0000000002883,1,1,1,5.0
1518.0,132.0000000000852,4032.000000000289,1,1,1,5.0
1519.0,131.00000000008527,4031.00000000029,1,1,1,5.0
1520.0,130.00000000008532,4030.000000000291,1,1,1,5.0
1521.0,129.00000000008538,4029.000000000292,1,1,1,5.0
1522.0,128.00000000008544,4028.000000000293,1,1,1,5.0
1523.0,127.00000000008549,4027.0000000002938,1,1,1,5.0
1524.0,126.00000000008555,4026.0000000002947,1,1,1,5.0
1525.0,125.0000000000856,4025.0000000002956,1,1,1,5.0
1526.0,124.00000000008566,4024.0000000002965,1,1,1,5.0
1527.0,123.00000000008572,4023.0000000002974,1,1,1,5.0
1528.0,122.00000000008578,4022.0000000002983,1,1,1,5.0
1529.0,121.00000000008583,4021.000000000299,1,1,1,5.0
1530.0,120.00000000008589,4020.0000000003,1,1,1,5.0
1531.0,119.00000000008595,4019.000000000301,1,1,1,5.0
1532.0,118.000000000086,4018.000000000302,1,1,1,5.0
1533.0,117.00000000008606,4017.000000000303,1,1,1,5.0
1534.0,116.00000000008612,4016.0000000003038,1,1,1,5.0
1535.0,115.00000000008617,4015.0000000003047,1,1,1,5.0
1536.0,114.00000000008623,4014.0000000003056,1,1,1,5.0
1537.0,113.00000000008629,4013.0000000003065,1,1,1,5.0
1538.0,112.00000000008635,4012.0000000003074,1,1,1,5.0
1539.0,111.0000000000864,4011.0000000003083,1,1,1,5.0
1540.0,110.00000000008646,4010.0000000003092,1,1,1,5.0
1541.0,109.00000000008652,4009.00000000031,1,1,1,5.0
1542.0,108.00000000008657,4008.000000000311,1,1,1,5.0
1543.0,107.00000000008663,4007.000000000312,1,1,1,5.0
1544.0,106.00000000008669,4006.000000000313,1,1,1,5.0
1545.0,105.00000000008674,4005.000000000314,1,1,1,5.0
1546.0,104.0000000000868,4004.0000000003147,1,1,1,5.0
1547.0,103.00000000008686,4003.0000000003156,1,1,1,5.0
1548.0,102.00000000008691,4002.0000000003165,1,1,1,5.0
1549.0,101.00000000008697,4001.0000000003174,1,1,1,5.0
1550.0,100.00000000008703,4000.0000000003183,1,1,1,5.0
1551.0,99.00000000008708,3999.0000000003192,1,1,1,5.0
1552.0,98.00000000008714,3998.00000000032,1,1,1,5.0
1553.0,97.0000000000872,3997.000000000321,1,1,1,5.0
1554.0,96.00000000008725,3996.000000000322,1,1,1,5.0
1555.0,95.00000000008731,3995.000000000323,1,1,1,5.0
1556.0,94.00000000008737,3994.000000000324,1,1,1,5.0
1557.0,93.00000000008743,3993.0000000003247,1,1,1,5.0
1558.0,92.00000000008748,3992.0000000003256,1,1,1,5.0
1559.0,91.00000000008754,3991.0000000003265,1,1,1,5.0
1560.0,90.0000000000876,3990.0000000003274,1,1,1,5.0
1561.0,94.00000000008765,3990.0000000003274,1,0,0,0.0
1562.0,98.00000000008771,3990.0000000003274,1,0,0,0.0
1563.0,102.00000000008777,3990.0000000003274,1,0,0,0.0
1564.0,106.00000000008782,3990.0000000003274,1,0,0,0.0
1565.0,110.00000000008788,3990.0000000003274,1,0,0,0.0
1566.0,114.00000000008794,3990.0000000003274,1,0,0,0.0
1567.0,118.000000000088,3990.0000000003274,1,0,0,0.0
1568.0,122.00000000008805,3990.0000000003274,1,0,0,0.0
1569.0,126.00000000008811,3990.0000000003274,1,0,0,0.0
1570.0,130.00000000008816,3990.0000000003274,1,0,0,0.0
1571.0,134.00000000008822,3990.0000000003274,1,0,0,0.0
1572.0,138.00000000008828,3990.0000000003274,1,0,0,0.0
1573.0,142.00000000008833,3990.0000000003274,1,0,0,0.0
1574.0,146.0000000000884,3990.0000000003274,1,0,0,0.0
1575.0,150.00000000008845,3990.0000000003274,1,0,0,0.0
1576.0,149.0000000000885,3995.0000000003274,1,1,0,5.0
1577.0,148.00000000008856,4000.0000000003274,1,1,0,5.0
1578.0,147.00000000008862,4005.0000000003274,1,1,0,5.0
1579.0,146.00000000008868,4010.0000000003274,1,1,0,5.0
1580.0,145.00000000008873,4015.0000000003274,1,1,0,5.0
1581.0,144.0000000000888,4020.0000000003274,1,1,0,5.0
1582.0,143.00000000008885,4025.0000000003274,1,1,0,5.0
1583.0,142.0000000000889,4030.0000000003274,1,1,0,5.0
1584.0,141.00000000008896,4035.0000000003274,1,1,0,5.0
1585.0,140.00000000008902,4040.0000000003274,1,1,0,5.0
1586.0,139.00000000008907,4045.0000000003274,1,1,0,5.0
1587.0,138.00000000008913,4050.0000000003274,1,1,0,5.0
1588.0,137.0000000000892,4055.0000000003274,1,1,0,5.0
1589.0,136.00000000008924,4060.0000000003274,1,1,0,5.0
1590.0,135.0000000000893,4065.0000000003274,1,1,0,5.0
1591.0,134.00000000008936,4064.0000000003283,1,1,1,5.0
1592.0,133.00000000008941,4063.0000000003292,1,1,1,5.0
1593.0,132.00000000008947,4062.00000000033,1,1,1,5.0
1594.0,131.00000000008953,4061.000000000331,1,1,1,5.0
1595.0,130.00000000008959,4060.000000000332,1,1,1,5.0
1596.0,129.00000000008964,4059.000000000333,1,1,1,5.0
1597.0,128.0000000000897,4058.000000000334,1,1,1,5.0
1598.0,127.00000000008976,4057.0000000003347,1,1,1,5.0
1599.0,126.00000000008981,4056.0000000003356,1,1,1,5.0
1600.0,125.00000000008987,4055.0000000003365,1,1,1,5.0
1601.0,124.00000000008993,4054.0000000003374,1,1,1,5.0
1602.0,123.00000000008998,4053.0000000003383,1,1,1,5.0
1603.0,122.00000000009004,4052.0000000003392,1,1,1,5.0
1604.0,121.0000000000901,4051.00000000034,1,1,1,5.0
1605.0,120.00000000009015,4050.000000000341,1,1,1,5.0
1606.0,119.00000000009021,4049.000000000342,1,1,1,5.0
1607.0,118.00000000009027,4048.000000000343,1,1,1,5.0
1608.0,117.00000000009032,4047.000000000344,1,1,1,5.0
1609.0,116.00000000009038,4046.0000000003447,1,1,1,5.0
1610.0,115.00000000009044,4045.0000000003456,1,1,1,5.0
1611.0,114.0000000000905,4044.0000000003465,1,1,1,5.0
1612.0,113.00000000009055,4043.0000000003474,1,1,1,5.0
1613.0,112.00000000009061,4042.0000000003483,1,1,1,5.0
1614.0,111.00000000009067,4041.0000000003492,1,1,1,5.0
1615.0,110.00000000009072,4040.00000000035,1,1,1,5.0
1616.0,109.00000000009078,4039.000000000351,1,1,1,5.0
1617.0,108.00000000009084,4038.000000000352,1,1,1,5.0
1618.0,107.00000000009089,4037.000000000353,1,1,1,5.0
1619.0,106.00000000009095,4036.000000000354,1,1,1,5.0
1620.0,105.000000000091,4035.0000000003547,1,1,1,5.0
1621.0,104.00000000009106,4034.0000000003556,1,1,1,5.0
1622.0,103.00000000009112,4033.0000000003565,1,1,1,5.0
1623.0,102.00000000009118,4032.0000000003574,1,1,1,5.0
1624.0,101.00000000009123,4031.0000000003583,1,1,1,5.0
1625.0,100.00000000009129,4030.0000000003593,1,1,1,5.0
1626.0,99.00000000009135,4029.00000000036,1,1,1,5.0
1627.0,98.0000000000914,4028.000000000361,1,1,1,5.0
1628.0,97.00000000009146,4027.000000000362,1,1,1,5.0
1629.0,96.00000000009152,4026.000000000363,1,1,1,5.0
1630.0,95.00000000009157,4025.000000000364,1,1,1,5.0
1631.0,94.00000000009163,4024.0000000003647,1,1,1,5.0
1632.0,93.00000000009169,4023.0000000003656,1,1,1,5.0
1633.0,92.00000000009175,4022.0000000003665,1,1,1,5.0
1634.0,91.0000000000918,4021.0000000003674,1,1,1,5.0
1635.0,90.00000000009186,4020.0000000003683,1,1,1,5.0
1636.0,94.00000000009192,4014.0000000003693,1,0,1,0.0
1637.0,98.00000000009197,4008.00000000037,1,0,1,0.0
1638.0,102.00000000009203,4002.000000000371,1,0,1,0.0
1639.0,106.00000000009209,3996.000000000372,1,0,1,0.0
1640.0,110.00000000009214,3990.000000000373,1,0,1,0.0
1641.0,114.0000000000922,3984.000000000374,1,0,1,0.0
1642.0,118.00000000009226,3978.0000000003747,1,0,1,0.0
1643.0,122.00000000009231,3972.0000000003756,1,0,1,0.0
1644.0,126.00000000009237,3966.0000000003765,1,0,1,0.0
1645.0,130.00000000009243,3960.0000000003774,1,0,1,0.0
1646.0,134.00000000009248,3954.0000000003783,1,0,1,0.0
1647.0,138.00000000009254,3948.0000000003793,1,0,1,0.0
1648.0,142.0000000000926,3942.00000000038,1,0,1,0.0
1649.0,146.00000000009265,3936.000000000381,1,0,1,0.0
1650.0,150.0000000000927,3930.000000000382,1,0,1,0.0
1651.0,149.00000000009277,3935.000000000382,1,1,0,5.0
1652.0,148.00000000009283,3940.000000000382,1,1,0,5.0
1653.0,147.00000000009288,3945.000000000382,1,1,0,5.0
1654.0,146.00000000009294,3950.000000000382,1,1,0,5.0
1655.0,145.000000000093,3955.000000000382,1,1,0,5.0
1656.0,144.00000000009305,3960.000000000382,1,1,0,5.0
1657.0,143.0000000000931,3965.000000000382,1,1,0,5.0
1658.0,142.00000000009317,3970.000000000382,1,1,0,5.0
1659.0,141.00000000009322,3975.000000000382,1,1,0,5.0
1660.0,140.00000000009328,3980.000000000382,1,1,0,5.0
1661.0,139.00000000009334,3985.000000000382,1,1,0,5.0
1662.0,138.0000000000934,3990.000000000382,1,1,0,5.0
1663.0,137.00000000009345,3995.000000000382,1,1,0,5.0
1664.0,136.0000000000935,4000.000000000382,1,1,0,5.0
1665.0,135.00000000009356,4005.000000000382,1,1,0,5.0
1666.0,134.00000000009362,4004.000000000383,1,1,1,5.0
1667.0,133.00000000009368,4003.000000000384,1,1,1,5.0
1668.0,132.00000000009373,4002.0000000003847,1,1,1,5.0
1669.0,131.0000000000938,4001.0000000003856,1,1,1,5.0
1670.0,130.00000000009385,4000.0000000003865,1,1,1,5.0
1671.0,129.0000000000939,3999.0000000003874,1,1,1,5.0
1672.0,128.00000000009396,3998.0000000003884,1,1,1,5.0
1673.0,127.00000000009402,3997.0000000003893,1,1,1,5.0
1674.0,126.00000000009408,3996.00000000039,1,1,1,5.0
1675.0,125.00000000009413,3995.000000000391,1,1,1,5.0
1676.0,124.00000000009419,3994.000000000392,1,1,1,5.0
1677.0,123.00000000009425,3993.000000000393,1,1,1,5.0
1678.0,122.0000000000943,3992.000000000394,1,1,1,5.0
1679.0,121.00000000009436,3991.0000000003947,1,1,1,5.0
1680.0,120.00000000009442,3990.0000000003956,1,1,1,5.0
1681.0,119.00000000009447,3995.0000000003956,1,1,0,5.0
1682.0,118.00000000009453,4000.0000000003956,1,1,0,5.0
1683.0,117.00000000009459,4005.0000000003956,1,1,0,5.0
1684.0,116.00000000009464,4010.0000000003956,1,1,0,5.0
1685.0,115.0000000000947,4015.0000000003956,1,1,0,5.0
1686.0,114.00000000009476,4020.0000000003956,1,1,0,5.0
1687.0,113.00000000009481,4025.0000000003956,1,1,0,5.0
1688.0,112.00000000009487,4030.0000000003956,1,1,0,5.0
1689.0,111.00000000009493,4035.0000000003956,1,1,0,5.0
1690.0,110.00000000009499,4040.0000000003956,1,1,0,5.0
1691.0,109.00000000009504,4045.0000000003956,1,1,0,5.0
1692.0,108.0000000000951,4050.0000000003956,1,1,0,5.0
1693.0,107.00000000009516,4055.0000000003956,1,1,0,5.0
1694.0,106.00000000009521,4060.0000000003956,1,1,0,5.0
1695.0,105.00000000009527,4065.0000000003956,1,1,0,5.0
1696.0,104.00000000009533,4064.0000000003965,1,1,1,5.0
1697.0,103.00000000009538,4063.0000000003974,1,1,1,5.0
1698.0,102.00000000009544,4062.0000000003984,1,1,1,5.0
1699.0,101.0000000000955,4061.0000000003993,1,1,1,5.0
1700.0,100.00000000009555,4060.0000000004,1,1,1,5.0
1701.0,99.00000000009561,4059.000000000401,1,1,1,5.0
1702.0,98.00000000009567,4058.000000000402,1,1,1,5.0
1703.0,97.00000000009572,4057.000000000403,1,1,1,5.0
1704.0,96.00000000009578,4056.000000000404,1,1,1,5.0
1705.0,95.00000000009584,4055.0000000004047,1,1,1,5.0
1706.0,94.0000000000959,4054.0000000004056,1,1,1,5.0
1707.0,93.00000000009595,4053.0000000004065,1,1,1,5.0
1708.0,92.00000000009601,4052.0000000004075,1,1,1,5.0
1709.0,91.00000000009607,4051.0000000004084,1,1,1,5.0
1710.0,90.00000000009612,4050.0000000004093,1,1,1,5.0
1711.0,94.00000000009618,4044.00000000041,1,0,1,0.0
1712.0,98.00000000009624,4038.000000000411,1,0,1,0.0
1713.0,102.00000000009629,4032.000000000412,1,0,1,0.0
1714.0,106.00000000009635,4026.000000000413,1,0,1,0.0
1715.0,110.0000000000964,4020.000000000414,1,0,1,0.0
1716.0,114.00000000009646,4014.0000000004147,1,0,1,0.0
1717.0,118.00000000009652,4008.0000000004156,1,0,1,0.0
1718.0,122.00000000009658,4002.0000000004165,1,0,1,0.0
1719.0,126.00000000009663,3996.0000000004175,1,0,1,0.0
1720.0,130.0000000000967,3990.0000000004184,1,0,1,0.0
1721.0,134.00000000009675,3984.0000000004193,1,0,1,0.0
1722.0,138.0000000000968,3978.00000000042,1,0,1,0.0
1723.0,142.00000000009686,3972.000000000421,1,0,1,0.0
1724.0,146.00000000009692,3966.000000000422,1,0,1,0.0
1725.0,150.00000000009697,3960.000000000423,1,0,1,0.0
1726.0,149.00000000009703,3965.000000000423,1,1,0,5.0
1727.0,148.0000000000971,3970.000000000423,1,1,0,5.0
1728.0,147.00000000009715,3975.000000000423,1,1,0,5.0
1729.0,146.0000000000972,3980.000000000423,1,1,0,5.0
1730.0,145.00000000009726,3985.000000000423,1,1,0,5.0
1731.0,144.00000000009732,3990.000000000423,1,1,0,5.0
1732.0,143.00000000009737,3995.000000000423,1,1,0,5.0
1733.0,142.00000000009743,4000.000000000423,1,1,0,5.0
1734.0,141.0000000000975,4005.000000000423,1,1,0,5.0
1735.0,140.00000000009754,4010.000000000423,1,1,0,5.0
1736.0,139.0000000000976,4015.000000000423,1,1,0,5.0
1737.0,138.00000000009766,4020.000000000423,1,1,0,5.0
1738.0,137.0000000000977,4025.000000000423,1,1,0,5.0
1739.0,136.00000000009777,4030.000000000423,1,1,0,5.0
1740.0,135.00000000009783,4035.000000000423,1,1,0,5.0
1741.0,134.00000000009788,4034.000000000424,1,1,1,5.0
1742.0,133.00000000009794,4033.0000000004247,1,1,1,5.0
1743.0,132.000000000098,4032.0000000004256,1,1,1,5.0
1744.0,131.00000000009805,4031.0000000004266,1,1,1,5.0
1745.0,130.0000000000981,4030.0000000004275,1,1,1,5.0
1746.0,129.00000000009817,4029.0000000004284,1,1,1,5.0
1747.0,128.00000000009823,4028.0000000004293,1,1,1,5.0
1748.0,127.00000000009828,4027.00000000043,1,1,1,5.0
1749.0,126.00000000009834,4026.000000000431,1,1,1,5.0
1750.0,125.0000000000984,4025.000000000432,1,1,1,5.0
1751.0,124.00000000009845,4024.000000000433,1,1,1,5.0
1752.0,123.00000000009851,4023.000000000434,1,1,1,5.0
1753.0,122.00000000009857,4022.0000000004347,1,1,1,5.0
1754.0,121.00000000009862,4021.0000000004356,1,1,1,5.0
1755.0,120.00000000009868,4020.0000000004366,1,1,1,5.0
1756.0,119.00000000009874,4019.0000000004375,1,1,1,5.0
1757.0,118.0000000000988,4018.0000000004384,1,1,1,5.0
1758.0,117.00000000009885,4017.0000000004393,1,1,1,5.0
1759.0,116.00000000009891,4016.00000000044,1,1,1,5.0
1760.0,115.00000000009896,4015.000000000441,1,1,1,5.0
1761.0,114.00000000009902,4014.000000000442,1,1,1,5.0
1762.0,113.00000000009908,4013.000000000443,1,1,1,5.0
1763.0,112.00000000009913,4012.000000000444,1,1,1,5.0
1764.0,111.00000000009919,4011.0000000004447,1,1,1,5.0
1765.0,110.00000000009925,4010.0000000004457,1,1,1,5.0
1766.0,109.0000000000993,4009.0000000004466,1,1,1,5.0
1767.0,108.00000000009936,4008.0000000004475,1,1,1,5.0
1768.0,107.00000000009942,4007.0000000004484,1,1,1,5.0
1769.0,106.00000000009948,4006.0000000004493,1,1,1,5.0
1770.0,105.00000000009953,4005.00000000045,1,1,1,5.0
1771.0,104.00000000009959,4004.000000000451,1,1,1,5.0
1772.0,103.00000000009965,4003.000000000452,1,1,1,5.0
1773.0,102.0000000000997,4002.000000000453,1,1,1,5.0
1774.0,101.00000000009976,4001.000000000454,1,1,1,5.0
1775.0,100.00000000009982,4000.0000000004547,1,1,1,5.0
1776.0,99.00000000009987,3999.0000000004557,1,1,1,5.0
1777.0,98.00000000009993,3998.0000000004566,1,1,1,5.0
1778.0,97.00000000009999,3997.0000000004575,1,1,1,5.0
1779.0,96.00000000010004,3996.0000000004584,1,1,1,5.0
1780.0,95.0000000001001,3995.0000000004593,1,1,1,5.0
1781.0,94.00000000010016,3994.00000000046,1,1,1,5.0
1782.0,93.00000000010021,3993.000000000461,1,1,1,5.0
1783.0,92.00000000010027,3992.000000000462,1,1,1,5.0
1784.0,91.00000000010033,3991.000000000463,1,1,1,5.0
1785.0,90.00000000010039,3990.000000000464,1,1,1,5.0
1786.0,94.00000000010044,3990.000000000464,1,0,0,0.0
1787.0,98.0000000001005,3990.000000000464,1,0,0,0.0
1788.0,102.00000000010056,3990.000000000464,1,0,0,0.0
1789.0,106.00000000010061,3990.000000000464,1,0,0,0.0
1790.0,110.00000000010067,3990.000000000464,1,0,0,0.0
1791.0,114.00000000010073,3990.000000000464,1,0,0,0.0
1792.0,118.00000000010078,3990.000000000464,1,0,0,0.0
1793.0,122.00000000010084,3990.000000000464,1,0,0,0.0
1794.0,126.0000000001009,3990.000000000464,1,0,0,0.0
1795.0,130.00000000010095,3990.000000000464,1,0,0,0.0
1796.0,134.000000000101,3990.000000000464,1,0,0,0.0
1797.0,138.00000000010107,3990.000000000464,1,0,0,0.0
1798.0,142.00000000010112,3990.000000000464,1,0,0,0.0
1799.0,146.00000000010118,3990.000000000464,1,0,0,0.0
1800.0,150.00000000010124,3990.000000000464,1,0,0,0.0
1801.0,149.0000000001013,3995.000000000464,1,1,0,5.0
1802.0,148.00000000010135,4000.000000000464,1,1,0,5.0
1803.0,147.0000000001014,4005.000000000464,1,1,0,5.0
1804.0,146.00000000010147,4010.000000000464,1,1,0,5.0
1805.0,145.00000000010152,4015.000000000464,1,1,0,5.0
1806.0,144.00000000010158,4020.000000000464,1,1,0,5.0
1807.0,143.00000000010164,4025.000000000464,1,1,0,5.0
1808.0,142.0000000001017,4030.000000000464,1,1,0,5.0
1809.0,141.00000000010175,4035.000000000464,1,1,0,5.0
1810.0,140.0000000001018,4040.000000000464,1,1,0,5.0
1811.0,139.00000000010186,4045.000000000464,1,1,0,5.0
1812.0,138.00000000010192,4050.000000000464,1,1,0,5.0
1813.0,137.00000000010198,4055.000000000464,1,1,0,5.0
1814.0,136.00000000010203,4060.000000000464,1,1,0,5.0
1815.0,135.0000000001021,4065.000000000464,1,1,0,5.0
1816.0,134.00000000010215,4064.0000000004648,1,1,1,5.0
1817.0,133.0000000001022,4063.0000000004657,1,1,1,5.0
1818.0,132.00000000010226,4062.0000000004666,1,1,1,5.0
1819.0,131.00000000010232,4061.0000000004675,1,1,1,5.0
1820.0,130.00000000010237,4060.0000000004684,1,1,1,5.0
1821.0,129.00000000010243,4059.0000000004693,1,1,1,5.0
1822.0,128.0000000001025,4058.00000000047,1,1,1,5.0
1823.0,127.00000000010255,4057.000000000471,1,1,1,5.0
1824.0,126.0000000001026,4056.000000000472,1,1,1,5.0
1825.0,125.00000000010266,4055.000000000473,1,1,1,5.0
1826.0,124.00000000010272,4054.000000000474,1,1,1,5.0
1827.0,123.00000000010277,4053.0000000004748,1,1,1,5.0
1828.0,122.00000000010283,4052.0000000004757,1,1,1,5.0
1829.0,121.00000000010289,4051.0000000004766,1,1,1,5.0
1830.0,120.00000000010294,4050.0000000004775,1,1,1,5.0
1831.0,119.000000000103,4049.0000000004784,1,1,1,5.0
1832.0,118.00000000010306,4048.0000000004793,1,1,1,5.0
1833.0,117.00000000010311,4047.00000000048,1,1,1,5.0
1834.0,116.00000000010317,4046.000000000481,1,1,1,5.0
1835.0,115.00000000010323,4045.000000000482,1,1,1,5.0
1836.0,114.00000000010328,4044.000000000483,1,1,1,5.0
1837.0,113.00000000010334,4043.000000000484,1,1,1,5.0
1838.0,112.0000000001034,4042.0000000004848,1,1,1,5.0
1839.0,111.00000000010346,4041.0000000004857,1,1,1,5.0
1840.0,110.00000000010351,4040.0000000004866,1,1,1,5.0
1841.0,109.00000000010357,4039.0000000004875,1,1,1,5.0
1842.0,108.00000000010363,4038.0000000004884,1,1,1,5.0
1843.0,107.00000000010368,4037.0000000004893,1,1,1,5.0
1844.0,106.00000000010374,4036.00000000049,1,1,1,5.0
1845.0,105.0000000001038,4035.000000000491,1,1,1,5.0
1846.0,104.00000000010385,4034.000000000492,1,1,1,5.0
1847.0,103.00000000010391,4033.000000000493,1,1,1,5.0
1848.0,102.00000000010397,4032.000000000494,1,1,1,5.0
1849.0,101.00000000010402,4031.0000000004948,1,1,1,5.0
1850.0,100.00000000010408,4030.0000000004957,1,1,1,5.0
1851.0,99.00000000010414,4029.0000000004966,1,1,1,5.0
1852.0,98.0000000001042,4028.0000000004975,1,1,1,5.0
1853.0,97.00000000010425,4027.0000000004984,1,1,1,5.0
1854.0,96.00000000010431,4026.0000000004993,1,1,1,5.0
1855.0,95.00000000010436,4025.0000000005,1,1,1,5.0
1856.0,94.00000000010442,4024.000000000501,1,1,1,5.0
1857.0,93.00000000010448,4023.000000000502,1,1,1,5.0
1858.0,92.00000000010454,4022.000000000503,1,1,1,5.0
1859.0,91.00000000010459,4021.000000000504,1,1,1,5.0
1860.0,90.00000000010465,4020.0000000005048,1,1,1,5.0
1861.0,94.0000000001047,4014.0000000005057,1,0,1,0.0
1862.0,98.00000000010476,4008.0000000005066,1,0,1,0.0
1863.0,102.00000000010482,4002.0000000005075,1,0,1,0.0
1864.0,106.00000000010488,3996.0000000005084,1,0,1,0.0
1865.0,110.00000000010493,3990.0000000005093,1,0,1,0.0
1866.0,114.00000000010499,3984.00000000051,1,0,1,0.0
1867.0,118.00000000010505,3978.000000000511,1,0,1,0.0
1868.0,122.0000000001051,3972.000000000512,1,0,1,0.0
1869.0,126.00000000010516,3966.000000000513,1,0,1,0.0
1870.0,130.00000000010522,3960.000000000514,1,0,1,0.0
1871.0,134.00000000010527,3954.000000000515,1,0,1,0.0
1872.0,138.00000000010533,3948.0000000005157,1,0,1,0.0
1873.0,142.0000000001054,3942.0000000005166,1,0,1,0.0
1874.0,146.00000000010544,3936.0000000005175,1,0,1,0.0
1875.0,150.0000000001055,3930.0000000005184,1,0,1,0.0
1876.0,149.00000000010556,3935.0000000005184,1,1,0,5.0
1877.0,148.00000000010562,3940.0000000005184,1,1,0,5.0
1878.0,147.00000000010567,3945.0000000005184,1,1,0,5.0
1879.0,146.00000000010573,3950.0000000005184,1,1,0,5.0
1880.0,145.00000000010579,3955.0000000005184,1,1,0,5.0
1881.0,144.00000000010584,3960.0000000005184,1,1,0,5.0
1882.0,143.0000000001059,3965.0000000005184,1,1,0,5.0
1883.0,142.00000000010596,3970.0000000005184,1,1,0,5.0
1884.0,141.000000000106,3975.0000000005184,1,1,0,5.0
1885.0,140.00000000010607,3980.0000000005184,1,1,0,5.0
1886.0,139.00000000010613,3985.0000000005184,1,1,0,5.0
1887.0,138.00000000010618,3990.0000000005184,1,1,0,5.0
1888.0,137.00000000010624,3995.0000000005184,1,1,0,5.0
1889.0,136.0000000001063,4000.0000000005184,1,1,0,5.0
1890.0,135.00000000010635,4005.0000000005184,1,1,0,5.0
1891.0,134.0000000001064,4004.0000000005193,1,1,1,5.0
1892.0,133.00000000010647,4003.0000000005202,1,1,1,5.0
1893.0,132.00000000010652,4002.000000000521,1,1,1,5.0
1894.0,131.00000000010658,4001.000000000522,1,1,1,5.0
1895.0,130.00000000010664,4000.000000000523,1,1,1,5.0
1896.0,129.0000000001067,3999.000000000524,1,1,1,5.0
1897.0,128.00000000010675,3998.000000000525,1,1,1,5.0
1898.0,127.00000000010681,3997.0000000005257,1,1,1,5.0
1899.0,126.00000000010687,3996.0000000005266,1,1,1,5.0
1900.0,125.00000000010692,3995.0000000005275,1,1,1,5.0
1901.0,124.00000000010698,3994.0000000005284,1,1,1,5.0
1902.0,123.00000000010704,3993.0000000005293,1,1,1,5.0
1903.0,122.0000000001071,3992.0000000005302,1,1,1,5.0
1904.0,121.00000000010715,3991.000000000531,1,1,1,5.0
1905.0,120.0000000001072,3990.000000000532,1,1,1,5.0
1906.0,119.00000000010726,3995.000000000532,1,1,0,5.0
1907.0,118.00000000010732,4000.000000000532,1,1,0,5.0
1908.0,117.00000000010738,4005.000000000532,1,1,0,5.0
1909.0,116.00000000010743,4010.000000000532,1,1,0,5.0
1910.0,115.00000000010749,4015.000000000532,1,1,0,5.0
1911.0,114.00000000010755,4020.000000000532,1,1,0,5.0
1912.0,113.0000000001076,4025.000000000532,1,1,0,5.0
1913.0,112.00000000010766,4030.000000000532,1,1,0,5.0
1914.0,111.00000000010772,4035.000000000532,1,1,0,5.0
1915.0,110.00000000010778,4040.000000000532,1,1,0,5.0
1916.0,109.00000000010783,4045.000000000532,1,1,0,5.0
1917.0,108.00000000010789,4050.000000000532,1,1,0,5.0
1918.0,107.00000000010795,4055.000000000532,1,1,0,5.0
1919.0,106.000000000108,4060.000000000532,1,1,0,5.0
1920.0,105.00000000010806,4065.000000000532,1,1,0,5.0
1921.0,104.00000000010812,4064.000000000533,1,1,1,5.0
1922.0,103.00000000010817,4063.000000000534,1,1,1,5.0
1923.0,102.00000000010823,4062.000000000535,1,1,1,5.0
1924.0,101.00000000010829,4061.0000000005357,1,1,1,5.0
1925.0,100.00000000010834,4060.0000000005366,1,1,1,5.0
1926.0,99.0000000001084,4059.0000000005375,1,1,1,5.0
1927.0,98.00000000010846,4058.0000000005384,1,1,1,5.0
1928.0,97.00000000010851,4057.0000000005393,1,1,1,5.0
1929.0,96.00000000010857,4056.0000000005402,1,1,1,5.0
1930.0,95.00000000010863,4055.000000000541,1,1,1,5.0
1931.0,94.00000000010868,4054.000000000542,1,1,1,5.0
1932.0,93.00000000010874,4053.000000000543,1,1,1,5.0
1933.0,92.0000000001088,4052.000000000544,1,1,1,5.0
1934.0,91.00000000010886,4051.000000000545,1,1,1,5.0
1935.0,90.00000000010891,4050.0000000005457,1,1,1,5.0
1936.0,94.00000000010897,4044.0000000005466,1,0,1,0.0
1937.0,98.00000000010903,4038.0000000005475,1,0,1,0.0
1938.0,102.00000000010908,4032.0000000005484,1,0,1,0.0
1939.0,106.00000000010914,4026.0000000005493,1,0,1,0.0
1940.0,110.0000000001092,4020.0000000005502,1,0,1,0.0
1941.0,114.00000000010925,4014.000000000551,1,0,1,0.0
1942.0,118.00000000010931,4008.000000000552,1,0,1,0.0
1943.0,122.00000000010937,4002.000000000553,1,0,1,0.0
1944.0,126.00000000010942,3996.000000000554,1,0,1,0.0
1945.0,130.00000000010948,3990.000000000555,1,0,1,0.0
1946.0,134.00000000010954,3984.0000000005557,1,0,1,0.0
1947.0,138.0000000001096,3978.0000000005566,1,0,1,0.0
1948.0,142.00000000010965,3972.0000000005575,1,0,1,0.0
1949.0,146.0000000001097,3966.0000000005584,1,0,1,0.0
1950.0,150.00000000010976,3960.0000000005593,1,0,1,0.0
1951.0,149.00000000010982,3965.0000000005593,1,1,0,5.0
1952.0,148.00000000010988,3970.0000000005593,1,1,0,5.0
1953.0,147.00000000010994,3975.0000000005593,1,1,0,5.0
1954.0,146.00000000011,3980.0000000005593,1,1,0,5.0
1955.0,145.00000000011005,3985.0000000005593,1,1,0,5.0
1956.0,144.0000000001101,3990.0000000005593,1,1,0,5.0
1957.0,143.00000000011016,3995.0000000005593,1,1,0,5.0
1958.0,142.00000000011022,4000.0000000005593,1,1,0,5.0
1959.0,141.00000000011028,4005.0000000005593,1,1,0,5.0
1960.0,140.00000000011033,4010.0000000005593,1,1,0,5.0
1961.0,139.0000000001104,4015.0000000005593,1,1,0,5.0
1962.0,138.00000000011045,4020.0000000005593,1,1,0,5.0
1963.0,137.0000000001105,4025.0000000005593,1,1,0,5.0
1964.0,136.00000000011056,4030.0000000005593,1,1,0,5.0
1965.0,135.00000000011062,4035.0000000005593,1,1,0,5.0
1966.0,134.00000000011067,4034.0000000005602,1,1,1,5.0
1967.0,133.00000000011073,4033.000000000561,1,1,1,5.0
1968.0,132.0000000001108,4032.000000000562,1,1,1,5.0
1969.0,131.00000000011084,4031.000000000563,1,1,1,5.0
1970.0,130.0000000001109,4030.000000000564,1,1,1,5.0
1971.0,129.00000000011096,4029.000000000565,1,1,1,5.0
1972.0,128.00000000011102,4028.0000000005657,1,1,1,5.0
1973.0,127.00000000011107,4027.0000000005666,1,1,1,5.0
1974.0,126.00000000011113,4026.0000000005675,1,1,1,5.0
1975.0,125.00000000011119,4025.0000000005684,1,1,1,5.0
1976.0,124.00000000011124,4024.0000000005693,1,1,1,5.0
1977.0,123.0000000001113,4023.0000000005703,1,1,1,5.0
1978.0,122.00000000011136,4022.000000000571,1,1,1,5.0
1979.0,121.00000000011141,4021.000000000572,1,1,1,5.0
1980.0,120.00000000011147,4020.000000000573,1,1,1,5.0
1981.0,119.00000000011153,4019.000000000574,1,1,1,5.0
1982.0,118.00000000011158,4018.000000000575,1,1,1,5.0
1983.0,117.00000000011164,4017.0000000005757,1,1,1,5.0
1984.0,116.0000000001117,4016.0000000005766,1,1,1,5.0
1985.0,115.00000000011175,4015.0000000005775,1,1,1,5.0
1986.0,114.00000000011181,4014.0000000005784,1,1,1,5.0
1987.0,113.00000000011187,4013.0000000005793,1,1,1,5.0
1988.0,112.00000000011192,4012.0000000005803,1,1,1,5.0
1989.0,111.00000000011198,4011.000000000581,1,1,1,5.0
1990.0,110.00000000011204,4010.000000000582,1,1,1,5.0
1991.0,109.0000000001121,4009.000000000583,1,1,1,5.0
1992.0,108.00000000011215,4008.000000000584,1,1,1,5.0
1993.0,107.00000000011221,4007.000000000585,1,1,1,5.0
1994.0,106.00000000011227,4006.0000000005857,1,1,1,5.0
1995.0,105.00000000011232,4005.0000000005866,1,1,1,5.0
1996.0,104.00000000011238,4004.0000000005875,1,1,1,5.0
1997.0,103.00000000011244,4003.0000000005884,1,1,1,5.0
1998.0,102.0000000001125,4002.0000000005894,1,1,1,5.0
1999.0,101.00000000011255,4001.0000000005903,1,1,1,5.0
2000.0,100.0000000001126,4000.000000000591,1,1,1,5.0
2001.0,99.00000000011266,3999.000000000592,1,1,1,5.0
2002.0,98.00000000011272,3998.000000000593,1,1,1,5.0
2003.0,97.00000000011278,3997.000000000594,1,1,1,5.0
2004.0,96.00000000011283,3996.000000000595,1,1,1,5.0
2005.0,95.00000000011289,3995.0000000005957,1,1,1,5.0
2006.0,94.00000000011295,3994.0000000005966,1,1,1,5.0
2007.0,93.000000000113,3993.0000000005975,1,1,1,5.0
2008.0,92.00000000011306,3992.0000000005984,1,1,1,5.0
2009.0,91.00000000011312,3991.0000000005994,1,1,1,5.0
2010.0,90.00000000011318,3990.0000000006003,1,1,1,5.0
2011.0,94.00000000011323,3990.0000000006003,1,0,0,0.0
2012.0,98.00000000011329,3990.0000000006003,1,0,0,0.0
2013.0,102.00000000011335,3990.0000000006003,1,0,0,0.0
2014.0,106.0000000001134,3990.0000000006003,1,0,0,0.0
2015.0,110.00000000011346,3990.0000000006003,1,0,0,0.0
2016.0,114.00000000011352,3990.0000000006003,1,0,0,0.0
2017.0,118.00000000011357,3990.0000000006003,1,0,0,0.0
2018.0,122.00000000011363,3990.0000000006003,1,0,0,0.0
2019.0,126.00000000011369,3990.0000000006003,1,0,0,0.0
2020.0,130.00000000011374,3990.0000000006003,1,0,0,0.0
2021.0,134.0000000001138,3990.0000000006003,1,0,0,0.0
2022.0,138.00000000011386,3990.0000000006003,1,0,0,0.0
2023.0,142.00000000011391,3990.0000000006003,1,0,0,0.0
2024.0,146.00000000011397,3990.0000000006003,1,0,0,0.0
2025.0,150.00000000011403,3990.0000000006003,1,0,0,0.0
2026.0,149.00000000011408,3995.0000000006003,1,1,0,5.0
2027.0,148.00000000011414,4000.0000000006003,1,1,0,5.0
2028.0,147.0000000001142,4005.0000000006003,1,1,0,5.0
2029.0,146.00000000011426,4010.0000000006003,1,1,0,5.0
2030.0,145.0000000001143,4015.0000000006003,1,1,0,5.0
2031.0,144.00000000011437,4020.0000000006003,1,1,0,5.0
2032.0,143.00000000011443,4025.0000000006003,1,1,0,5.0
2033.0,142.00000000011448,4030.0000000006003,1,1,0,5.0
2034.0,141.00000000011454,4035.0000000006003,1,1,0,5.0
2035.0,140.0000000001146,4040.0000000006003,1,1,0,5.0
2036.0,139.00000000011465,4045.0000000006003,1,1,0,5.0
2037.0,138.0000000001147,4050.0000000006003,1,1,0,5.0
2038.0,137.00000000011477,4055.0000000006003,1,1,0,5.0
2039.0,136.00000000011482,4060.0000000006003,1,1,0,5.0
2040.0,135.00000000011488,4065.0000000006003,1,1,0,5.0
2041.0,134.00000000011494,4064.000000000601,1,1,1,5.0
2042.0,133.000000000115,4063.000000000602,1,1,1,5.0
2043.0,132.00000000011505,4062.000000000603,1,1,1,5.0
2044.0,131.0000000001151,4061.000000000604,1,1,1,5.0
2045.0,130.00000000011516,4060.000000000605,1,1,1,5.0
2046.0,129.00000000011522,4059.0000000006057,1,1,1,5.0
2047.0,128.00000000011528,4058.0000000006066,1,1,1,5.0
2048.0,127.00000000011534,4057.0000000006075,1,1,1,5.0
2049.0,126.00000000011539,4056.0000000006085,1,1,1,5.0
2050.0,125.00000000011545,4055.0000000006094,1,1,1,5.0
2051.0,124.0000000001155,4054.0000000006103,1,1,1,5.0
2052.0,123.00000000011556,4053.000000000611,1,1,1,5.0
2053.0,122.00000000011562,4052.000000000612,1,1,1,5.0
2054.0,121.00000000011568,4051.000000000613,1,1,1,5.0
2055.0,120.00000000011573,4050.000000000614,1,1,1,5.0
2056.0,119.00000000011579,4049.000000000615,1,1,1,5.0
2057.0,118.00000000011585,4048.0000000006157,1,1,1,5.0
2058.0,117.0000000001159,4047.0000000006166,1,1,1,5.0
2059.0,116.00000000011596,4046.0000000006175,1,1,1,5.0
2060.0,115.00000000011602,4045.0000000006185,1,1,1,5.0
2061.0,114.00000000011607,4044.0000000006194,1,1,1,5.0
2062.0,113.00000000011613,4043.0000000006203,1,1,1,5.0
2063.0,112.00000000011619,4042.000000000621,1,1,1,5.0
2064.0,111.00000000011624,4041.000000000622,1,1,1,5.0
2065.0,110.0000000001163,4040.000000000623,1,1,1,5.0
2066.0,109.00000000011636,4039.000000000624,1,1,1,5.0
2067.0,108.00000000011642,4038.000000000625,1,1,1,5.0
2068.0,107.00000000011647,4037.0000000006257,1,1,1,5.0
2069.0,106.00000000011653,4036.0000000006266,1,1,1,5.0
2070.0,105.00000000011659,4035.0000000006276,1,1,1,5.0
2071.0,104.00000000011664,4034.0000000006285,1,1,1,5.0
2072.0,103.0000000001167,4033.0000000006294,1,1,1,5.0
2073.0,102.00000000011676,4032.0000000006303,1,1,1,5.0
2074.0,101.00000000011681,4031.000000000631,1,1,1,5.0
2075.0,100.00000000011687,4030.000000000632,1,1,1,5.0
2076.0,99.00000000011693,4029.000000000633,1,1,1,5.0
2077.0,98.00000000011698,4028.000000000634,1,1,1,5.0
2078.0,97.00000000011704,4027.000000000635,1,1,1,5.0
2079.0,96.0000000001171,4026.0000000006357,1,1,1,5.0
2080.0,95.00000000011715,4025.0000000006366,1,1,1,5.0
2081.0,94.00000000011721,4024.0000000006376,1,1,1,5.0
2082.0,93.00000000011727,4023.0000000006385,1,1,1,5.0
2083.0,92.00000000011732,4022.0000000006394,1,1,1,5.0
2084.0,91.00000000011738,4021.0000000006403,1,1,1,5.0
2085.0,90.00000000011744,4020.000000000641,1,1,1,5.0
2086.0,94.0000000001175,4014.000000000642,1,0,1,0.0
2087.0,98.00000000011755,4008.000000000643,1,0,1,0.0
2088.0,102.00000000011761,4002.000000000644,1,0,1,0.0
2089.0,106.00000000011767,3996.000000000645,1,0,1,0.0
2090.0,110.00000000011772,3990.0000000006457,1,0,1,0.0
2091.0,114.00000000011778,3984.0000000006467,1,0,1,0.0
2092.0,118.00000000011784,3978.0000000006476,1,0,1,0.0
2093.0,122.0000000001179,3972.0000000006485,1,0,1,0.0
2094.0,126.00000000011795,3966.0000000006494,1,0,1,0.0
2095.0,130.000000000118,3960.0000000006503,1,0,1,0.0
2096.0,134.00000000011806,3954.000000000651,1,0,1,0.0
2097.0,138.00000000011812,3948.000000000652,1,0,1,0.0
2098.0,142.00000000011818,3942.000000000653,1,0,1,0.0
2099.0,146.00000000011823,3936.000000000654,1,0,1,0.0
2100.0,150.0000000001183,3930.000000000655,1,0,1,0.0
2101.0,149.00000000011835,3935.000000000655,1,1,0,5.0
2102.0,148.0000000001184,3940.000000000655,1,1,0,5.0
2103.0,147.00000000011846,3945.000000000655,1,1,0,5.0
2104.0,146.00000000011852,3950.000000000655,1,1,0,5.0
2105.0,145.00000000011858,3955.000000000655,1,1,0,5.0
2106.0,144.00000000011863,3960.000000000655,1,1,0,5.0
2107.0,143.0000000001187,3965.000000000655,1,1,0,5.0
2108.0,142.00000000011875,3970.000000000655,1,1,0,5.0
2109.0,141.0000000001188,3975.000000000655,1,1,0,5.0
2110.0,140.00000000011886,3980.000000000655,1,1,0,5.0
2111.0,139.00000000011892,3985.000000000655,1,1,0,5.0
2112.0,138.00000000011897,3990.000000000655,1,1,0,5.0
2113.0,137.00000000011903,3995.000000000655,1,1,0,5.0
2114.0,136.0000000001191,4000.000000000655,1,1,0,5.0
2115.0,135.00000000011914,4005.000000000655,1,1,0,5.0
2116.0,134.0000000001192,4004.0000000006557,1,1,1,5.0
2117.0,133.00000000011926,4003.0000000006567,1,1,1,5.0
2118.0,132.00000000011931,4002.0000000006576,1,1,1,5.0
2119.0,131.00000000011937,4001.0000000006585,1,1,1,5.0
2120.0,130.00000000011943,4000.0000000006594,1,1,1,5.0
2121.0,129.00000000011948,3999.0000000006603,1,1,1,5.0
2122.0,128.00000000011954,3998.000000000661,1,1,1,5.0
2123.0,127.0000000001196,3997.000000000662,1,1,1,5.0
2124.0,126.00000000011966,3996.000000000663,1,1,1,5.0
2125.0,125.00000000011971,3995.000000000664,1,1,1,5.0
2126.0,124.00000000011977,3994.000000000665,1,1,1,5.0
2127.0,123.00000000011983,3993.0000000006658,1,1,1,5.0
2128.0,122.00000000011988,3992.0000000006667,1,1,1,5.0
2129.0,121.00000000011994,3991.0000000006676,1,1,1,5.0
2130.0,120.00000000012,3990.0000000006685,1,1,1,5.0
2131.0,119.00000000012005,3995.0000000006685,1,1,0,5.0
2132.0,118.00000000012011,4000.0000000006685,1,1,0,5.0
2133.0,117.00000000012017,4005.0000000006685,1,1,0,5.0
2134.0,116.00000000012022,4010.0000000006685,1,1,0,5.0
2135.0,115.00000000012028,4015.0000000006685,1,1,0,5.0
2136.0,114.00000000012034,4020.0000000006685,1,1,0,5.0
2137.0,113.0000000001204,4025.0000000006685,1,1,0,5.0
2138.0,112.00000000012045,4030.0000000006685,1,1,0,5.0
2139.0,111.00000000012051,4035.0000000006685,1,1,0,5.0
2140.0,110.00000000012056,4040.0000000006685,1,1,0,5.0
2141.0,109.00000000012062,4045.0000000006685,1,1,0,5.0
2142.0,108.00000000012068,4050.0000000006685,1,1,0,5.0
2143.0,107.00000000012074,4055.0000000006685,1,1,0,5.0
2144.0,106.00000000012079,4060.0000000006685,1,1,0,5.0
2145.0,105.00000000012085,4065.0000000006685,1,1,0,5.0
2146.0,104.0000000001209,4064.0000000006694,1,1,1,5.0
2147.0,103.00000000012096,4063.0000000006703,1,1,1,5.0
2148.0,102.00000000012102,4062.000000000671,1,1,1,5.0
2149.0,101.00000000012108,4061.000000000672,1,1,1,5.0
2150.0,100.00000000012113,4060.000000000673,1,1,1,5.0
2151.0,99.00000000012119,4059.000000000674,1,1,1,5.0
2152.0,98.00000000012125,4058.000000000675,1,1,1,5.0
2153.0,97.0000000001213,4057.0000000006758,1,1,1,5.0
2154.0,96.00000000012136,4056.0000000006767,1,1,1,5.0
2155.0,95.00000000012142,4055.0000000006776,1,1,1,5.0
2156.0,94.00000000012147,4054.0000000006785,1,1,1,5.0
2157.0,93.00000000012153,4053.0000000006794,1,1,1,5.0
2158.0,92.00000000012159,4052.0000000006803,1,1,1,5.0
2159.0,91.00000000012164,4051.000000000681,1,1,1,5.0
2160.0,90.0000000001217,4050.000000000682,1,1,1,5.0
2161.0,94.00000000012176,4044.000000000683,1,0,1,0.0
2162.0,98.00000000012182,4038.000000000684,1,0,1,0.0
2163.0,102.00000000012187,4032.000000000685,1,0,1,0.0
2164.0,106.00000000012193,4026.0000000006858,1,0,1,0.0
2165.0,110.00000000012199,4020.0000000006867,1,0,1,0.0
2166.0,114.00000000012204,4014.0000000006876,1,0,1,0.0
2167.0,118.0000000001221,4008.0000000006885,1,0,1,0.0
2168.0,122.00000000012216,4002.0000000006894,1,0,1,0.0
2169.0,126.00000000012221,3996.0000000006903,1,0,1,0.0
2170.0,130.00000000012227,3990.000000000691,1,0,1,0.0
2171.0,134.00000000012233,3984.000000000692,1,0,1,0.0
2172.0,138.00000000012238,3978.000000000693,1,0,1,0.0
2173.0,142.00000000012244,3972.000000000694,1,0,1,0.0
2174.0,146.0000000001225,3966.000000000695,1,0,1,0.0
2175.0,150.00000000012255,3960.0000000006958,1,0,1,0.0
2176.0,149.0000000001226,3965.0000000006958,1,1,0,5.0
2177.0,148.00000000012267,3970.0000000006958,1,1,0,5.0
2178.0,147.00000000012272,3975.0000000006958,1,1,0,5.0
2179.0,146.00000000012278,3980.0000000006958,1,1,0,5.0
2180.0,145.00000000012284,3985.0000000006958,1,1,0,5.0
2181.0,144.0000000001229,3990.0000000006958,1,1,0,5.0
2182.0,143.00000000012295,3995.0000000006958,1,1,0,5.0
2183.0,142.000000000123,4000.0000000006958,1,1,0,5.0
2184.0,141.00000000012307,4005.0000000006958,1,1,0,5.0
2185.0,140.00000000012312,4010.0000000006958,1,1,0,5.0
2186.0,139.00000000012318,4015.0000000006958,1,1,0,5.0
2187.0,138.00000000012324,4020.0000000006958,1,1,0,5.0
2188.0,137.0000000001233,4025.0000000006958,1,1,0,5.0
2189.0,136.00000000012335,4030.0000000006958,1,1,0,5.0
2190.0,135.0000000001234,4035.0000000006958,1,1,0,5.0
2191.0,134.00000000012346,4034.0000000006967,1,1,1,5.0
2192.0,133.00000000012352,4033.0000000006976,1,1,1,5.0
2193.0,132.00000000012358,4032.0000000006985,1,1,1,5.0
2194.0,131.00000000012363,4031.0000000006994,1,1,1,5.0
2195.0,130.0000000001237,4030.0000000007003,1,1,1,5.0
2196.0,129.00000000012375,4029.000000000701,1,1,1,5.0
2197.0,128.0000000001238,4028.000000000702,1,1,1,5.0
2198.0,127.00000000012386,4027.000000000703,1,1,1,5.0
2199.0,126.00000000012392,4026.000000000704,1,1,1,5.0
2200.0,125.00000000012398,4025.000000000705,1,1,1,5.0
2201.0,124.00000000012403,4024.0000000007058,1,1,1,5.0
2202.0,123.00000000012409,4023.0000000007067,1,1,1,5.0
2203.0,122.00000000012415,4022.0000000007076,1,1,1,5.0
2204.0,121.0000000001242,4021.0000000007085,1,1,1,5.0
2205.0,120.00000000012426,4020.0000000007094,1,1,1,5.0
2206.0,119.00000000012432,4019.0000000007103,1,1,1,5.0
2207.0,118.00000000012437,4018.000000000711,1,1,1,5.0
2208.0,117.00000000012443,4017.000000000712,1,1,1,5.0
2209.0,116.00000000012449,4016.000000000713,1,1,1,5.0
2210.0,115.00000000012454,4015.000000000714,1,1,1,5.0
2211.0,114.0000000001246,4014.000000000715,1,1,1,5.0
2212.0,113.00000000012466,4013.0000000007158,1,1,1,5.0
2213.0,112.00000000012471,4012.0000000007167,1,1,1,5.0
2214.0,111.00000000012477,4011.0000000007176,1,1,1,5.0
2215.0,110.00000000012483,4010.0000000007185,1,1,1,5.0
2216.0,109.00000000012488,4009.0000000007194,1,1,1,5.0
2217.0,108.00000000012494,4008.0000000007203,1,1,1,5.0
2218.0,107.000000000125,4007.0000000007212,1,1,1,5.0
2219.0,106.00000000012506,4006.000000000722,1,1,1,5.0
2220.0,105.00000000012511,4005.000000000723,1,1,1,5.0
2221.0,104.00000000012517,4004.000000000724,1,1,1,5.0
2222.0,103.00000000012523,4003.000000000725,1,1,1,5.0
2223.0,102.00000000012528,4002.000000000726,1,1,1,5.0
2224.0,101.00000000012534,4001.0000000007267,1,1,1,5.0
2225.0,100.0000000001254,4000.0000000007276,1,1,1,5.0
2226.0,99.00000000012545,3999.0000000007285,1,1,1,5.0
2227.0,98.00000000012551,3998.0000000007294,1,1,1,5.0
2228.0,97.00000000012557,3997.0000000007303,1,1,1,5.0
2229.0,96.00000000012562,3996.0000000007312,1,1,1,5.0
2230.0,95.00000000012568,3995.000000000732,1,1,1,5.0
2231.0,94.00000000012574,3994.000000000733,1,1,1,5.0
2232.0,93.0000000001258,3993.000000000734,1,1,1,5.0
2233.0,92.00000000012585,3992.000000000735,1,1,1,5.0
2234.0,91.00000000012591,3991.000000000736,1,1,1,5.0
2235.0,90.00000000012597,3990.0000000007367,1,1,1,5.0
2236.0,94.00000000012602,3990.0000000007367,1,0,0,0.0
2237.0,98.00000000012608,3990.0000000007367,1,0,0,0.0
2238.0,102.00000000012614,3990.0000000007367,1,0,0,0.0
2239.0,106.00000000012619,3990.0000000007367,1,0,0,0.0
2240.0,110.00000000012625,3990.0000000007367,1,0,0,0.0
2241.0,114.0000000001263,3990.0000000007367,1,0,0,0.0
2242.0,118.00000000012636,3990.0000000007367,1,0,0,0.0
2243.0,122.00000000012642,3990.0000000007367,1,0,0,0.0
2244.0,126.00000000012648,3990.0000000007367,1,0,0,0.0
2245.0,130.00000000012653,3990.0000000007367,1,0,0,0.0
2246.0,134.0000000001266,3990.0000000007367,1,0,0,0.0
2247.0,138.00000000012665,3990.0000000007367,1,0,0,0.0
2248.0,142.0000000001267,3990.0000000007367,1,0,0,0.0
2249.0,146.00000000012676,3990.0000000007367,1,0,0,0.0
2250.0,150.00000000012682,3990.0000000007367,1,0,0,0.0
2251.0,149.00000000012687,3995.0000000007367,1,1,0,5.0
2252.0,148.00000000012693,4000.0000000007367,1,1,0,5.0
2253.0,147.000000000127,4005.0000000007367,1,1,0,5.0
2254.0,146.00000000012705,4010.0000000007367,1,1,0,5.0
2255.0,145.0000000001271,4015.0000000007367,1,1,0,5.0
2256.0,144.00000000012716,4020.0000000007367,1,1,0,5.0
2257.0,143.00000000012722,4025.0000000007367,1,1,0,5.0
2258.0,142.00000000012727,4030.0000000007367,1,1,0,5.0
2259.0,141.00000000012733,4035.0000000007367,1,1,0,5.0
2260.0,140.0000000001274,4040.0000000007367,1,1,0,5.0
2261.0,139.00000000012744,4045.0000000007367,1,1,0,5.0
2262.0,138.0000000001275,4050.0000000007367,1,1,0,5.0
2263.0,137.00000000012756,4055.0000000007367,1,1,0,5.0
2264.0,136.0000000001276,4060.0000000007367,1,1,0,5.0
2265.0,135.00000000012767,4065.0000000007367,1,1,0,5.0
2266.0,134.00000000012773,4064.0000000007376,1,1,1,5.0
2267.0,133.00000000012778,4063.0000000007385,1,1,1,5.0
2268.0,132.00000000012784,4062.0000000007394,1,1,1,5.0
2269.0,131.0000000001279,4061.0000000007403,1,1,1,5.0
2270.0,130.00000000012795,4060.0000000007412,1,1,1,5.0
2271.0,129.000000000128,4059.000000000742,1,1,1,5.0
2272.0,128.00000000012807,4058.000000000743,1,1,1,5.0
2273.0,127.00000000012813,4057.000000000744,1,1,1,5.0
2274.0,126.00000000012818,4056.000000000745,1,1,1,5.0
2275.0,125.00000000012824,4055.000000000746,1,1,1,5.0
2276.0,124.0000000001283,4054.0000000007467,1,1,1,5.0
2277.0,123.00000000012835,4053.0000000007476,1,1,1,5.0
2278.0,122.00000000012841,4052.0000000007485,1,1,1,5.0
2279.0,121.00000000012847,4051.0000000007494,1,1,1,5.0
2280.0,120.00000000012852,4050.0000000007503,1,1,1,5.0
2281.0,119.00000000012858,4049.0000000007512,1,1,1,5.0
2282.0,118.00000000012864,4048.000000000752,1,1,1,5.0
2283.0,117.0000000001287,4047.000000000753,1,1,1,5.0
2284.0,116.00000000012875,4046.000000000754,1,1,1,5.0
2285.0,115.00000000012881,4045.000000000755,1,1,1,5.0
2286.0,114.00000000012886,4044.000000000756,1,1,1,5.0
2287.0,113.00000000012892,4043.0000000007567,1,1,1,5.0
2288.0,112.00000000012898,4042.0000000007576,1,1,1,5.0
2289.0,111.00000000012903,4041.0000000007585,1,1,1,5.0
2290.0,110.00000000012909,4040.0000000007594,1,1,1,5.0
2291.0,109.00000000012915,4039.0000000007603,1,1,1,5.0
2292.0,108.0000000001292,4038.0000000007612,1,1,1,5.0
2293.0,107.00000000012926,4037.000000000762,1,1,1,5.0
2294.0,106.00000000012932,4036.000000000763,1,1,1,5.0
2295.0,105.00000000012938,4035.000000000764,1,1,1,5.0
2296.0,104.00000000012943,4034.000000000765,1,1,1,5.0
2297.0,103.00000000012949,4033.000000000766,1,1,1,5.0
2298.0,102.00000000012955,4032.0000000007667,1,1,1,5.0
2299.0,101.0000000001296,4031.0000000007676,1,1,1,5.0
2300.0,100.00000000012966,4030.0000000007685,1,1,1,5.0
2301.0,99.00000000012972,4029.0000000007694,1,1,1,5.0
2302.0,98.00000000012977,4028.0000000007703,1,1,1,5.0
2303.0,97.00000000012983,4027.0000000007713,1,1,1,5.0
2304.0,96.00000000012989,4026.000000000772,1,1,1,5.0
2305.0,95.00000000012994,4025.000000000773,1,1,1,5.0
2306.0,94.00000000013,4024.000000000774,1,1,1,5.0
2307.0,93.00000000013006,4023.000000000775,1,1,1,5.0
2308.0,92.00000000013011,4022.000000000776,1,1,1,5.0
2309.0,91.00000000013017,4021.0000000007767,1,1,1,5.0
2310.0,90.00000000013023,4020.0000000007776,1,1,1,5.0
2311.0,94.00000000013029,4014.0000000007785,1,0,1,0.0
2312.0,98.00000000013034,4008.0000000007794,1,0,1,0.0
2313.0,102.0000000001304,4002.0000000007803,1,0,1,0.0
2314.0,106.00000000013046,3996.0000000007813,1,0,1,0.0
2315.0,110.00000000013051,3990.000000000782,1,0,1,0.0
2316.0,114.00000000013057,3984.000000000783,1,0,1,0.0
2317.0,118.00000000013063,3978.000000000784,1,0,1,0.0
2318.0,122.00000000013068,3972.000000000785,1,0,1,0.0
2319.0,126.00000000013074,3966.000000000786,1,0,1,0.0
2320.0,130.0000000001308,3960.0000000007867,1,0,1,0.0
2321.0,134.00000000013085,3954.0000000007876,1,0,1,0.0
2322.0,138.0000000001309,3948.0000000007885,1,0,1,0.0
2323.0,142.00000000013097,3942.0000000007894,1,0,1,0.0
2324.0,146.00000000013102,3936.0000000007904,1,0,1,0.0
2325.0,150.00000000013108,3930.0000000007913,1,0,1,0.0
2326.0,149.00000000013114,3935.0000000007913,1,1,0,5.0
2327.0,148.0000000001312,3940.0000000007913,1,1,0,5.0
2328.0,147.00000000013125,3945.0000000007913,1,1,0,5.0
2329.0,146.0000000001313,3950.0000000007913,1,1,0,5.0
2330.0,145.00000000013137,3955.0000000007913,1,1,0,5.0
2331.0,144.00000000013142,3960.0000000007913,1,1,0,5.0
2332.0,143.00000000013148,3965.0000000007913,1,1,0,5.0
2333.0,142.00000000013154,3970.0000000007913,1,1,0,5.0
2334.0,141.0000000001316,3975.0000000007913,1,1,0,5.0
2335.0,140.00000000013165,3980.0000000007913,1,1,0,5.0
2336.0,139.0000000001317,3985.0000000007913,1,1,0,5.0
2337.0,138.00000000013176,3990.0000000007913,1,1,0,5.0
2338.0,137.00000000013182,3995.0000000007913,1,1,0,5.0
2339.0,136.00000000013188,4000.0000000007913,1,1,0,5.0
2340.0,135.00000000013193,4005.0000000007913,1,1,0,5.0
2341.0,134.000000000132,4004.000000000792,1,1,1,5.0
2342.0,133.00000000013205,4003.000000000793,1,1,1,5.0
2343.0,132.0000000001321,4002.000000000794,1,1,1,5.0
2344.0,131.00000000013216,4001.000000000795,1,1,1,5.0
2345.0,130.00000000013222,4000.000000000796,1,1,1,5.0
2346.0,129.00000000013227,3999.0000000007967,1,1,1,5.0
2347.0,128.00000000013233,3998.0000000007976,1,1,1,5.0
2348.0,127.00000000013239,3997.0000000007985,1,1,1,5.0
2349.0,126.00000000013245,3996.0000000007994,1,1,1,5.0
2350.0,125.0000000001325,3995.0000000008004,1,1,1,5.0
2351.0,124.00000000013256,3994.0000000008013,1,1,1,5.0
2352.0,123.00000000013262,3993.000000000802,1,1,1,5.0
2353.0,122.00000000013267,3992.000000000803,1,1,1,5.0
2354.0,121.00000000013273,3991.000000000804,1,1,1,5.0
2355.0,120.00000000013279,3990.000000000805,1,1,1,5.0
2356.0,119.00000000013284,3995.000000000805,1,1,0,5.0
2357.0,118.0000000001329,4000.000000000805,1,1,0,5.0
2358.0,117.00000000013296,4005.000000000805,1,1,0,5.0
2359.0,116.00000000013301,4010.000000000805,1,1,0,5.0
2360.0,115.00000000013307,4015.000000000805,1,1,0,5.0
2361.0,114.00000000013313,4020.000000000805,1,1,0,5.0
2362.0,113.00000000013318,4025.000000000805,1,1,0,5.0
2363.0,112.00000000013324,4030.000000000805,1,1,0,5.0
2364.0,111.0000000001333,4035.000000000805,1,1,0,5.0
2365.0,110.00000000013335,4040.000000000805,1,1,0,5.0
2366.0,109.00000000013341,4045.000000000805,1,1,0,5.0
2367.0,108.00000000013347,4050.000000000805,1,1,0,5.0
2368.0,107.00000000013353,4055.000000000805,1,1,0,5.0
2369.0,106.00000000013358,4060.000000000805,1,1,0,5.0
2370.0,105.00000000013364,4065.000000000805,1,1,0,5.0
2371.0,104.0000000001337,4064.000000000806,1,1,1,5.0
2372.0,103.00000000013375,4063.0000000008067,1,1,1,5.0
2373.0,102.00000000013381,4062.0000000008076,1,1,1,5.0
2374.0,101.00000000013387,4061.0000000008085,1,1,1,5.0
2375.0,100.00000000013392,4060.0000000008095,1,1,1,5.0
2376.0,99.00000000013398,4059.0000000008104,1,1,1,5.0
2377.0,98.00000000013404,4058.0000000008113,1,1,1,5.0
2378.0,97.0000000001341,4057.000000000812,1,1,1,5.0
2379.0,96.00000000013415,4056.000000000813,1,1,1,5.0
2380.0,95.00000000013421,4055.000000000814,1,1,1,5.0
2381.0,94.00000000013426,4054.000000000815,1,1,1,5.0
2382.0,93.00000000013432,4053.000000000816,1,1,1,5.0
2383.0,92.00000000013438,4052.0000000008167,1,1,1,5.0
2384.0,91.00000000013443,4051.0000000008176,1,1,1,5.0
2385.0,90.00000000013449,4050.0000000008185,1,1,1,5.0
2386.0,94.00000000013455,4044.0000000008195,1,0,1,0.0
2387.0,98.0000000001346,4038.0000000008204,1,0,1,0.0
2388.0,102.00000000013466,4032.0000000008213,1,0,1,0.0
2389.0,106.00000000013472,4026.000000000822,1,0,1,0.0
2390.0,110.00000000013478,4020.000000000823,1,0,1,0.0
2391.0,114.00000000013483,4014.000000000824,1,0,1,0.0
2392.0,118.00000000013489,4008.000000000825,1,0,1,0.0
2393.0,122.00000000013495,4002.000000000826,1,0,1,0.0
2394.0,126.000000000135,3996.0000000008267,1,0,1,0.0
2395.0,130.00000000013506,3990.0000000008276,1,0,1,0.0
2396.0,134.00000000013512,3984.0000000008285,1,0,1,0.0
2397.0,138.00000000013517,3978.0000000008295,1,0,1,0.0
2398.0,142.00000000013523,3972.0000000008304,1,0,1,0.0
2399.0,146.0000000001353,3966.0000000008313,1,0,1,0.0
2400.0,150.00000000013534,3960.000000000832,1,0,1,0.0
2401.0,149.0000000001354,3965.000000000832,1,1,0,5.0
2402.0,148.00000000013546,3970.000000000832,1,1,0,5.0
2403.0,147.00000000013551,3975.000000000832,1,1,0,5.0
2404.0,146.00000000013557,3980.000000000832,1,1,0,5.0
2405.0,145.00000000013563,3985.000000000832,1,1,0,5.0
2406.0,144.00000000013569,3990.000000000832,1,1,0,5.0
2407.0,143.00000000013574,3995.000000000832,1,1,0,5.0
2408.0,142.0000000001358,4000.000000000832,1,1,0,5.0
2409.0,141.00000000013586,4005.000000000832,1,1,0,5.0
2410.0,140.0000000001359,4010.000000000832,1,1,0,5.0
2411.0,139.00000000013597,4015.000000000832,1,1,0,5.0
2412.0,138.00000000013603,4020.000000000832,1,1,0,5.0
2413.0,137.00000000013608,4025.000000000832,1,1,0,5.0
2414.0,136.00000000013614,4030.000000000832,1,1,0,5.0
2415.0,135.0000000001362,4035.000000000832,1,1,0,5.0
2416.0,134.00000000013625,4034.000000000833,1,1,1,5.0
2417.0,133.0000000001363,4033.000000000834,1,1,1,5.0
2418.0,132.00000000013637,4032.000000000835,1,1,1,5.0
2419.0,131.00000000013642,4031.000000000836,1,1,1,5.0
2420.0,130.00000000013648,4030.0000000008367,1,1,1,5.0
2421.0,129.00000000013654,4029.0000000008376,1,1,1,5.0
2422.0,128.0000000001366,4028.0000000008386,1,1,1,5.0
2423.0,127.00000000013665,4027.0000000008395,1,1,1,5.0
2424.0,126.00000000013671,4026.0000000008404,1,1,1,5.0
2425.0,125.00000000013677,4025.0000000008413,1,1,1,5.0
2426.0,124.00000000013682,4024.000000000842,1,1,1,5.0
2427.0,123.00000000013688,4023.000000000843,1,1,1,5.0
2428.0,122.00000000013694,4022.000000000844,1,1,1,5.0
2429.0,121.00000000013699,4021.000000000845,1,1,1,5.0
2430.0,120.00000000013705,4020.000000000846,1,1,1,5.0
2431.0,119.0000000001371,4019.0000000008467,1,1,1,5.0
2432.0,118.00000000013716,4018.0000000008476,1,1,1,5.0
2433.0,117.00000000013722,4017.0000000008486,1,1,1,5.0
2434.0,116.00000000013728,4016.0000000008495,1,1,1,5.0
2435.0,115.00000000013733,4015.0000000008504,1,1,1,5.0
2436.0,114.00000000013739,4014.0000000008513,1,1,1,5.0
2437.0,113.00000000013745,4013.000000000852,1,1,1,5.0
2438.0,112.0000000001375,4012.000000000853,1,1,1,5.0
2439.0,111.00000000013756,4011.000000000854,1,1,1,5.0
2440.0,110.00000000013762,4010.000000000855,1,1,1,5.0
2441.0,109.00000000013767,4009.000000000856,1,1,1,5.0
2442.0,108.00000000013773,4008.0000000008567,1,1,1,5.0
2443.0,107.00000000013779,4007.0000000008577,1,1,1,5.0
2444.0,106.00000000013785,4006.0000000008586,1,1,1,5.0
2445.0,105.0000000001379,4005.0000000008595,1,1,1,5.0
2446.0,104.00000000013796,4004.0000000008604,1,1,1,5.0
2447.0,103.00000000013802,4003.0000000008613,1,1,1,5.0
2448.0,102.00000000013807,4002.000000000862,1,1,1,5.0
2449.0,101.00000000013813,4001.000000000863,1,1,1,5.0
2450.0,100.00000000013819,4000.000000000864,1,1,1,5.0
2451.0,99.00000000013824,3999.000000000865,1,1,1,5.0
2452.0,98.0000000001383,3998.000000000866,1,1,1,5.0
2453.0,97.00000000013836,3997.0000000008667,1,1,1,5.0
2454.0,96.00000000013841,3996.0000000008677,1,1,1,5.0
2455.0,95.00000000013847,3995.0000000008686,1,1,1,5.0
2456.0,94.00000000013853,3994.0000000008695,1,1,1,5.0
2457.0,93.00000000013858,3993.0000000008704,1,1,1,5.0
2458.0,92.00000000013864,3992.0000000008713,1,1,1,5.0
2459.0,91.0000000001387,3991.000000000872,1,1,1,5.0
2460.0,90.00000000013875,3990.000000000873,1,1,1,5.0
2461.0,94.00000000013881,3990.000000000873,1,0,0,0.0
2462.0,98.00000000013887,3990.000000000873,1,0,0,0.0
2463.0,102.00000000013893,3990.000000000873,1,0,0,0.0
2464.0,106.00000000013898,3990.000000000873,1,0,0,0.0
2465.0,110.00000000013904,3990.000000000873,1,0,0,0.0
2466.0,114.0000000001391,3990.000000000873,1,0,0,0.0
2467.0,118.00000000013915,3990.000000000873,1,0,0,0.0
2468.0,122.00000000013921,3990.000000000873,1,0,0,0.0
2469.0,126.00000000013927,3990.000000000873,1,0,0,0.0
2470.0,130.00000000013932,3990.000000000873,1,0,0,0.0
2471.0,134.00000000013938,3990.000000000873,1,0,0,0.0
2472.0,138.00000000013944,3990.000000000873,1,0,0,0.0
2473.0,142.0000000001395,3990.000000000873,1,0,0,0.0
2474.0,146.00000000013955,3990.000000000873,1,0,0,0.0
2475.0,150.0000000001396,3990.000000000873,1,0,0,0.0
2476.0,149.00000000013966,3995.000000000873,1,1,0,5.0
2477.0,148.00000000013972,4000.000000000873,1,1,0,5.0
2478.0,147.00000000013978,4005.000000000873,1,1,0,5.0
2479.0,146.00000000013983,4010.000000000873,1,1,0,5.0
2480.0,145.0000000001399,4015.000000000873,1,1,0,5.0
2481.0,144.00000000013995,4020.000000000873,1,1,0,5.0
2482.0,143.00000000014,4025.000000000873,1,1,0,5.0
2483.0,142.00000000014006,4030.000000000873,1,1,0,5.0
2484.0,141.00000000014012,4035.000000000873,1,1,0,5.0
2485.0,140.00000000014018,4040.000000000873,1,1,0,5.0
2486.0,139.00000000014023,4045.000000000873,1,1,0,5.0
2487.0,138.0000000001403,4050.000000000873,1,1,0,5.0
2488.0,137.00000000014035,4055.000000000873,1,1,0,5.0
2489.0,136.0000000001404,4060.000000000873,1,1,0,5.0
2490.0,135.00000000014046,4065.000000000873,1,1,0,5.0
2491.0,134.00000000014052,4064.000000000874,1,1,1,5.0
2492.0,133.00000000014057,4063.000000000875,1,1,1,5.0
2493.0,132.00000000014063,4062.000000000876,1,1,1,5.0
2494.0,131.0000000001407,4061.0000000008768,1,1,1,5.0
2495.0,130.00000000014074,4060.0000000008777,1,1,1,5.0
2496.0,129.0000000001408,4059.0000000008786,1,1,1,5.0
2497.0,128.00000000014086,4058.0000000008795,1,1,1,5.0
2498.0,127.00000000014091,4057.0000000008804,1,1,1,5.0
2499.0,126.00000000014097,4056.0000000008813,1,1,1,5.0
2500.0,125.00000000014103,4055.000000000882,1,1,1,5.0
2501.0,124.00000000014109,4054.000000000883,1,1,1,5.0
2502.0,123.00000000014114,4053.000000000884,1,1,1,5.0
2503.0,122.0000000001412,4052.000000000885,1,1,1,5.0
2504.0,121.00000000014126,4051.000000000886,1,1,1,5.0
2505.0,120.00000000014131,4050.0000000008868,1,1,1,5.0
2506.0,119.00000000014137,4049.0000000008877,1,1,1,5.0
2507.0,118.00000000014143,4048.0000000008886,1,1,1,5.0
2508.0,117.00000000014148,4047.0000000008895,1,1,1,5.0
2509.0,116.00000000014154,4046.0000000008904,1,1,1,5.0
2510.0,115.0000000001416,4045.0000000008913,1,1,1,5.0
2511.0,114.00000000014165,4044.000000000892,1,1,1,5.0
2512.0,113.00000000014171,4043.000000000893,1,1,1,5.0
2513.0,112.00000000014177,4042.000000000894,1,1,1,5.0
2514.0,111.00000000014182,4041.000000000895,1,1,1,5.0
2515.0,110.00000000014188,4040.000000000896,1,1,1,5.0
2516.0,109.00000000014194,4039.0000000008968,1,1,1,5.0
2517.0,108.000000000142,4038.0000000008977,1,1,1,5.0
2518.0,107.00000000014205,4037.0000000008986,1,1,1,5.0
2519.0,106.00000000014211,4036.0000000008995,1,1,1,5.0
2520.0,105.00000000014217,4035.0000000009004,1,1,1,5.0
2521.0,104.00000000014222,4034.0000000009013,1,1,1,5.0
2522.0,103.00000000014228,4033.000000000902,1,1,1,5.0
2523.0,102.00000000014234,4032.000000000903,1,1,1,5.0
2524.0,101.00000000014239,4031.000000000904,1,1,1,5.0
2525.0,100.00000000014245,4030.000000000905,1,1,1,5.0
2526.0,99.0000000001425,4029.000000000906,1,1,1,5.0
2527.0,98.00000000014256,4028.0000000009068,1,1,1,5.0
2528.0,97.00000000014262,4027.0000000009077,1,1,1,5.0
2529.0,96.00000000014268,4026.0000000009086,1,1,1,5.0
2530.0,95.00000000014273,4025.0000000009095,1,1,1,5.0
2531.0,94.00000000014279,4024.0000000009104,1,1,1,5.0
2532.0,93.00000000014285,4023.0000000009113,1,1,1,5.0
2533.0,92.0000000001429,4022.000000000912,1,1,1,5.0
2534.0,91.00000000014296,4021.000000000913,1,1,1,5.0
2535.0,90.00000000014302,4020.000000000914,1,1,1,5.0
2536.0,94.00000000014307,4014.000000000915,1,0,1,0.0
2537.0,98.00000000014313,4008.000000000916,1,0,1,0.0
2538.0,102.00000000014319,4002.0000000009168,1,0,1,0.0
2539.0,106.00000000014325,3996.0000000009177,1,0,1,0.0
2540.0,110.0000000001433,3990.0000000009186,1,0,1,0.0
2541.0,114.00000000014336,3984.0000000009195,1,0,1,0.0
2542.0,118.00000000014342,3978.0000000009204,1,0,1,0.0
2543.0,122.00000000014347,3972.0000000009213,1,0,1,0.0
2544.0,126.00000000014353,3966.0000000009222,1,0,1,0.0
2545.0,130.0000000001436,3960.000000000923,1,0,1,0.0
2546.0,134.00000000014364,3954.000000000924,1,0,1,0.0
2547.0,138.0000000001437,3948.000000000925,1,0,1,0.0
2548.0,142.00000000014376,3942.000000000926,1,0,1,0.0
2549.0,146.0000000001438,3936.000000000927,1,0,1,0.0
2550.0,150.00000000014387,3930.0000000009277,1,0,1,0.0
2551.0,149.00000000014393,3935.0000000009277,1,1,0,5.0
2552.0,148.00000000014398,3940.0000000009277,1,1,0,5.0
2553.0,147.00000000014404,3945.0000000009277,1,1,0,5.0
2554.0,146.0000000001441,3950.0000000009277,1,1,0,5.0
2555.0,145.00000000014415,3955.0000000009277,1,1,0,5.0
2556.0,144.0000000001442,3960.0000000009277,1,1,0,5.0
2557.0,143.00000000014427,3965.0000000009277,1,1,0,5.0
2558.0,142.00000000014433,3970.0000000009277,1,1,0,5.0
2559.0,141.00000000014438,3975.0000000009277,1,1,0,5.0
2560.0,140.00000000014444,3980.0000000009277,1,1,0,5.0
2561.0,139.0000000001445,3985.0000000009277,1,1,0,5.0
2562.0,138.00000000014455,3990.0000000009277,1,1,0,5.0
2563.0,137.0000000001446,3995.0000000009277,1,1,0,5.0
2564.0,136.00000000014467,4000.0000000009277,1,1,0,5.0
2565.0,135.00000000014472,4005.0000000009277,1,1,0,5.0
2566.0,134.00000000014478,4004.0000000009286,1,1,1,5.0
2567.0,133.00000000014484,4003.0000000009295,1,1,1,5.0
2568.0,132.0000000001449,4002.0000000009304,1,1,1,5.0
2569.0,131.00000000014495,4001.0000000009313,1,1,1,5.0
2570.0,130.000000000145,4000.0000000009322,1,1,1,5.0
2571.0,129.00000000014506,3999.000000000933,1,1,1,5.0
2572.0,128.00000000014512,3998.000000000934,1,1,1,5.0
2573.0,127.00000000014518,3997.000000000935,1,1,1,5.0
2574.0,126.00000000014523,3996.000000000936,1,1,1,5.0
2575.0,125.00000000014529,3995.000000000937,1,1,1,5.0
2576.0,124.00000000014535,3994.0000000009377,1,1,1,5.0
2577.0,123.0000000001454,3993.0000000009386,1,1,1,5.0
2578.0,122.00000000014546,3992.0000000009395,1,1,1,5.0
2579.0,121.00000000014552,3991.0000000009404,1,1,1,5.0
2580.0,120.00000000014558,3990.0000000009413,1,1,1,5.0
2581.0,119.00000000014563,3995.0000000009413,1,1,0,5.0
2582.0,118.00000000014569,4000.0000000009413,1,1,0,5.0
2583.0,117.00000000014575,4005.0000000009413,1,1,0,5.0
2584.0,116.0000000001458,4010.0000000009413,1,1,0,5.0
2585.0,115.00000000014586,4015.0000000009413,1,1,0,5.0
2586.0,114.00000000014592,4020.0000000009413,1,1,0,5.0
2587.0,113.00000000014597,4025.0000000009413,1,1,0,5.0
2588.0,112.00000000014603,4030.0000000009413,1,1,0,5.0
2589.0,111.00000000014609,4035.0000000009413,1,1,0,5.0
2590.0,110.00000000014614,4040.0000000009413,1,1,0,5.0
2591.0,109.0000000001462,4045.0000000009413,1,1,0,5.0
2592.0,108.00000000014626,4050.0000000009413,1,1,0,5.0
2593.0,107.00000000014631,4055.0000000009413,1,1,0,5.0
2594.0,106.00000000014637,4060.0000000009413,1,1,0,5.0
2595.0,105.00000000014643,4065.0000000009413,1,1,0,5.0
2596.0,104.00000000014649,4064.0000000009422,1,1,1,5.0
2597.0,103.00000000014654,4063.000000000943,1,1,1,5.0
2598.0,102.0000000001466,4062.000000000944,1,1,1,5.0
2599.0,101.00000000014666,4061.000000000945,1,1,1,5.0
2600.0,100.00000000014671,4060.000000000946,1,1,1,5.0
2601.0,99.00000000014677,4059.000000000947,1,1,1,5.0
2602.0,98.00000000014683,4058.0000000009477,1,1,1,5.0
2603.0,97.00000000014688,4057.0000000009486,1,1,1,5.0
2604.0,96.00000000014694,4056.0000000009495,1,1,1,5.0
2605.0,95.000000000147,4055.0000000009504,1,1,1,5.0
2606.0,94.00000000014705,4054.0000000009513,1,1,1,5.0
2607.0,93.00000000014711,4053.0000000009522,1,1,1,5.0
2608.0,92.00000000014717,4052.000000000953,1,1,1,5.0
2609.0,91.00000000014722,4051.000000000954,1,1,1,5.0
2610.0,90.00000000014728,4050.000000000955,1,1,1,5.0
2611.0,94.00000000014734,4044.000000000956,1,0,1,0.0
2612.0,98.0000000001474,4038.000000000957,1,0,1,0.0
2613.0,102.00000000014745,4032.0000000009577,1,0,1,0.0
2614.0,106.00000000014751,4026.0000000009586,1,0,1,0.0
2615.0,110.00000000014757,4020.0000000009595,1,0,1,0.0
2616.0,114.00000000014762,4014.0000000009604,1,0,1,0.0
2617.0,118.00000000014768,4008.0000000009613,1,0,1,0.0
2618.0,122.00000000014774,4002.0000000009622,1,0,1,0.0
2619.0,126.00000000014779,3996.000000000963,1,0,1,0.0
2620.0,130.00000000014785,3990.000000000964,1,0,1,0.0
2621.0,134.0000000001479,3984.000000000965,1,0,1,0.0
2622.0,138.00000000014796,3978.000000000966,1,0,1,0.0
2623.0,142.00000000014802,3972.000000000967,1,0,1,0.0
2624.0,146.00000000014808,3966.0000000009677,1,0,1,0.0
2625.0,150.00000000014813,3960.0000000009686,1,0,1,0.0
2626.0,149.0000000001482,3965.0000000009686,1,1,0,5.0
2627.0,148.00000000014825,3970.0000000009686,1,1,0,5.0
2628.0,147.0000000001483,3975.0000000009686,1,1,0,5.0
2629.0,146.00000000014836,3980.0000000009686,1,1,0,5.0
2630.0,145.00000000014842,3985.0000000009686,1,1,0,5.0
2631.0,144.00000000014848,3990.0000000009686,1,1,0,5.0
2632.0,143.00000000014853,3995.0000000009686,1,1,0,5.0
2633.0,142.0000000001486,4000.0000000009686,1,1,0,5.0
2634.0,141.00000000014865,4005.0000000009686,1,1,0,5.0
2635.0,140.0000000001487,4010.0000000009686,1,1,0,5.0
2636.0,139.00000000014876,4015.0000000009686,1,1,0,5.0
2637.0,138.00000000014882,4020.0000000009686,1,1,0,5.0
2638.0,137.00000000014887,4025.0000000009686,1,1,0,5.0
2639.0,136.00000000014893,4030.0000000009686,1,1,0,5.0
2640.0,135.000000000149,4035.0000000009686,1,1,0,5.0
2641.0,134.00000000014904,4034.0000000009695,1,1,1,5.0
2642.0,133.0000000001491,4033.0000000009704,1,1,1,5.0
2643.0,132.00000000014916,4032.0000000009713,1,1,1,5.0
2644.0,131.0000000001492,4031.0000000009722,1,1,1,5.0
2645.0,130.00000000014927,4030.000000000973,1,1,1,5.0
2646.0,129.00000000014933,4029.000000000974,1,1,1,5.0
2647.0,128.00000000014938,4028.000000000975,1,1,1,5.0
2648.0,127.00000000014944,4027.000000000976,1,1,1,5.0
2649.0,126.0000000001495,4026.000000000977,1,1,1,5.0
2650.0,125.00000000014956,4025.0000000009777,1,1,1,5.0
2651.0,124.00000000014961,4024.0000000009786,1,1,1,5.0
2652.0,123.00000000014967,4023.0000000009795,1,1,1,5.0
2653.0,122.00000000014973,4022.0000000009804,1,1,1,5.0
2654.0,121.00000000014978,4021.0000000009813,1,1,1,5.0
2655.0,120.00000000014984,4020.0000000009823,1,1,1,5.0
2656.0,119.0000000001499,4019.000000000983,1,1,1,5.0
2657.0,118.00000000014995,4018.000000000984,1,1,1,5.0
2658.0,117.00000000015001,4017.000000000985,1,1,1,5.0
2659.0,116.00000000015007,4016.000000000986,1,1,1,5.0
2660.0,115.00000000015012,4015.000000000987,1,1,1,5.0
2661.0,114.00000000015018,4014.0000000009877,1,1,1,5.0
2662.0,113.00000000015024,4013.0000000009886,1,1,1,5.0
2663.0,112.0000000001503,4012.0000000009895,1,1,1,5.0
2664.0,111.00000000015035,4011.0000000009904,1,1,1,5.0
2665.0,110.00000000015041,4010.0000000009913,1,1,1,5.0
2666.0,109.00000000015046,4009.0000000009923,1,1,1,5.0
2667.0,108.00000000015052,4008.000000000993,1,1,1,5.0
2668.0,107.00000000015058,4007.000000000994,1,1,1,5.0
2669.0,106.00000000015064,4006.000000000995,1,1,1,5.0
2670.0,105.00000000015069,4005.000000000996,1,1,1,5.0
2671.0,104.00000000015075,4004.000000000997,1,1,1,5.0
2672.0,103.0000000001508,4003.0000000009977,1,1,1,5.0
2673.0,102.00000000015086,4002.0000000009986,1,1,1,5.0
2674.0,101.00000000015092,4001.0000000009995,1,1,1,5.0
2675.0,100.00000000015098,4000.0000000010004,1,1,1,5.0
2676.0,99.00000000015103,3999.0000000010014,1,1,1,5.0
2677.0,98.00000000015109,3998.0000000010023,1,1,1,5.0
2678.0,97.00000000015115,3997.000000001003,1,1,1,5.0
2679.0,96.0000000001512,3996.000000001004,1,1,1,5.0
2680.0,95.00000000015126,3995.000000001005,1,1,1,5.0
2681.0,94.00000000015132,3994.000000001006,1,1,1,5.0
2682.0,93.00000000015137,3993.000000001007,1,1,1,5.0
2683.0,92.00000000015143,3992.0000000010077,1,1,1,5.0
2684.0,91.00000000015149,3991.0000000010086,1,1,1,5.0
2685.0,90.00000000015154,3990.0000000010095,1,1,1,5.0
2686.0,94.0000000001516,3990.0000000010095,1,0,0,0.0
2687.0,98.00000000015166,3990.0000000010095,1,0,0,0.0
2688.0,102.00000000015172,3990.0000000010095,1,0,0,0.0
2689.0,106.00000000015177,3990.0000000010095,1,0,0,0.0
2690.0,110.00000000015183,3990.0000000010095,1,0,0,0.0
2691.0,114.00000000015189,3990.0000000010095,1,0,0,0.0
2692.0,118.00000000015194,3990.0000000010095,1,0,0,0.0
2693.0,122.000000000152,3990.0000000010095,1,0,0,0.0
2694.0,126.00000000015206,3990.0000000010095,1,0,0,0.0
2695.0,130.0000000001521,3990.0000000010095,1,0,0,0.0
2696.0,134.00000000015217,3990.0000000010095,1,0,0,0.0
2697.0,138.00000000015223,3990.0000000010095,1,0,0,0.0
2698.0,142.00000000015228,3990.0000000010095,1,0,0,0.0
2699.0,146.00000000015234,3990.0000000010095,1,0,0,0.0
2700.0,150.0000000001524,3990.0000000010095,1,0,0,0.0
2701.0,149.00000000015245,3995.0000000010095,1,1,0,5.0
2702.0,148.0000000001525,4000.0000000010095,1,1,0,5.0
2703.0,147.00000000015257,4005.0000000010095,1,1,0,5.0
2704.0,146.00000000015262,4010.0000000010095,1,1,0,5.0
2705.0,145.00000000015268,4015.0000000010095,1,1,0,5.0
2706.0,144.00000000015274,4020.0000000010095,1,1,0,5.0
2707.0,143.0000000001528,4025.0000000010095,1,1,0,5.0
2708.0,142.00000000015285,4030.0000000010095,1,1,0,5.0
2709.0,141.0000000001529,4035.0000000010095,1,1,0,5.0
2710.0,140.00000000015297,4040.0000000010095,1,1,0,5.0
2711.0,139.00000000015302,4045.0000000010095,1,1,0,5.0
2712.0,138.00000000015308,4050.0000000010095,1,1,0,5.0
2713.0,137.00000000015314,4055.0000000010095,1,1,0,5.0
2714.0,136.0000000001532,4060.0000000010095,1,1,0,5.0
2715.0,135.00000000015325,4065.0000000010095,1,1,0,5.0
2716.0,134.0000000001533,4064.0000000010104,1,1,1,5.0
2717.0,133.00000000015336,4063.0000000010114,1,1,1,5.0
2718.0,132.00000000015342,4062.0000000010123,1,1,1,5.0
2719.0,131.00000000015348,4061.000000001013,1,1,1,5.0
2720.0,130.00000000015353,4060.000000001014,1,1,1,5.0
2721.0,129.0000000001536,4059.000000001015,1,1,1,5.0
2722.0,128.00000000015365,4058.000000001016,1,1,1,5.0
2723.0,127.0000000001537,4057.000000001017,1,1,1,5.0
2724.0,126.00000000015376,4056.0000000010177,1,1,1,5.0
2725.0,125.00000000015382,4055.0000000010186,1,1,1,5.0
2726.0,124.00000000015388,4054.0000000010195,1,1,1,5.0
2727.0,123.00000000015393,4053.0000000010205,1,1,1,5.0
2728.0,122.00000000015399,4052.0000000010214,1,1,1,5.0
2729.0,121.00000000015405,4051.0000000010223,1,1,1,5.0
2730.0,120.0000000001541,4050.000000001023,1,1,1,5.0
2731.0,119.00000000015416,4049.000000001024,1,1,1,5.0
2732.0,118.00000000015422,4048.000000001025,1,1,1,5.0
2733.0,117.00000000015427,4047.000000001026,1,1,1,5.0
2734.0,116.00000000015433,4046.000000001027,1,1,1,5.0
2735.0,115.00000000015439,4045.0000000010277,1,1,1,5.0
2736.0,114.00000000015444,4044.0000000010286,1,1,1,5.0
2737.0,113.0000000001545,4043.0000000010295,1,1,1,5.0
2738.0,112.00000000015456,4042.0000000010305,1,1,1,5.0
2739.0,111.00000000015461,4041.0000000010314,1,1,1,5.0
2740.0,110.00000000015467,4040.0000000010323,1,1,1,5.0
2741.0,109.00000000015473,4039.000000001033,1,1,1,5.0
2742.0,108.00000000015478,4038.000000001034,1,1,1,5.0
2743.0,107.00000000015484,4037.000000001035,1,1,1,5.0
2744.0,106.0000000001549,4036.000000001036,1,1,1,5.0
2745.0,105.00000000015496,4035.000000001037,1,1,1,5.0
2746.0,104.00000000015501,4034.0000000010377,1,1,1,5.0
2747.0,103.00000000015507,4033.0000000010386,1,1,1,5.0
2748.0,102.00000000015513,4032.0000000010396,1,1,1,5.0
2749.0,101.00000000015518,4031.0000000010405,1,1,1,5.0
2750.0,100.00000000015524,4030.0000000010414,1,1,1,5.0
2751.0,99.0000000001553,4029.0000000010423,1,1,1,5.0
2752.0,98.00000000015535,4028.000000001043,1,1,1,5.0
2753.0,97.00000000015541,4027.000000001044,1,1,1,5.0
2754.0,96.00000000015547,4026.000000001045,1,1,1,5.0
2755.0,95.00000000015552,4025.000000001046,1,1,1,5.0
2756.0,94.00000000015558,4024.000000001047,1,1,1,5.0
2757.0,93.00000000015564,4023.0000000010477,1,1,1,5.0
2758.0,92.0000000001557,4022.0000000010486,1,1,1,5.0
2759.0,91.00000000015575,4021.0000000010496,1,1,1,5.0
2760.0,90.00000000015581,4020.0000000010505,1,1,1,5.0
2761.0,94.00000000015586,4014.0000000010514,1,0,1,0.0
2762.0,98.00000000015592,4008.0000000010523,1,0,1,0.0
2763.0,102.00000000015598,4002.000000001053,1,0,1,0.0
2764.0,106.00000000015604,3996.000000001054,1,0,1,0.0
2765.0,110.00000000015609,3990.000000001055,1,0,1,0.0
2766.0,114.00000000015615,3984.000000001056,1,0,1,0.0
2767.0,118.0000000001562,3978.000000001057,1,0,1,0.0
2768.0,122.00000000015626,3972.0000000010577,1,0,1,0.0
2769.0,126.00000000015632,3966.0000000010587,1,0,1,0.0
2770.0,130.00000000015638,3960.0000000010596,1,0,1,0.0
2771.0,134.00000000015643,3954.0000000010605,1,0,1,0.0
2772.0,138.0000000001565,3948.0000000010614,1,0,1,0.0
2773.0,142.00000000015655,3942.0000000010623,1,0,1,0.0
2774.0,146.0000000001566,3936.000000001063,1,0,1,0.0
2775.0,150.00000000015666,3930.000000001064,1,0,1,0.0
2776.0,149.00000000015672,3935.000000001064,1,1,0,5.0
2777.0,148.00000000015677,3940.000000001064,1,1,0,5.0
2778.0,147.00000000015683,3945.000000001064,1,1,0,5.0
2779.0,146.0000000001569,3950.000000001064,1,1,0,5.0
2780.0,145.00000000015694,3955.000000001064,1,1,0,5.0
2781.0,144.000000000157,3960.000000001064,1,1,0,5.0
2782.0,143.00000000015706,3965.000000001064,1,1,0,5.0
2783.0,142.00000000015712,3970.000000001064,1,1,0,5.0
2784.0,141.00000000015717,3975.000000001064,1,1,0,5.0
2785.0,140.00000000015723,3980.000000001064,1,1,0,5.0
2786.0,139.00000000015729,3985.000000001064,1,1,0,5.0
2787.0,138.00000000015734,3990.000000001064,1,1,0,5.0
2788.0,137.0000000001574,3995.000000001064,1,1,0,5.0
2789.0,136.00000000015746,4000.000000001064,1,1,0,5.0
2790.0,135.0000000001575,4005.000000001064,1,1,0,5.0
2791.0,134.00000000015757,4004.000000001065,1,1,1,5.0
2792.0,133.00000000015763,4003.000000001066,1,1,1,5.0
2793.0,132.00000000015768,4002.000000001067,1,1,1,5.0
2794.0,131.00000000015774,4001.0000000010677,1,1,1,5.0
2795.0,130.0000000001578,4000.0000000010687,1,1,1,5.0
2796.0,129.00000000015785,3999.0000000010696,1,1,1,5.0
2797.0,128.0000000001579,3998.0000000010705,1,1,1,5.0
2798.0,127.00000000015797,3997.0000000010714,1,1,1,5.0
2799.0,126.00000000015802,3996.0000000010723,1,1,1,5.0
2800.0,125.00000000015808,3995.000000001073,1,1,1,5.0
2801.0,124.00000000015814,3994.000000001074,1,1,1,5.0
2802.0,123.0000000001582,3993.000000001075,1,1,1,5.0
2803.0,122.00000000015825,3992.000000001076,1,1,1,5.0
2804.0,121.00000000015831,3991.000000001077,1,1,1,5.0
2805.0,120.00000000015837,3990.0000000010778,1,1,1,5.0
2806.0,119.00000000015842,3995.0000000010778,1,1,0,5.0
2807.0,118.00000000015848,4000.0000000010778,1,1,0,5.0
2808.0,117.00000000015854,4005.0000000010778,1,1,0,5.0
2809.0,116.0000000001586,4010.0000000010778,1,1,0,5.0
2810.0,115.00000000015865,4015.0000000010778,1,1,0,5.0
2811.0,114.0000000001587,4020.0000000010778,1,1,0,5.0
2812.0,113.00000000015876,4025.0000000010778,1,1,0,5.0
2813.0,112.00000000015882,4030.0000000010778,1,1,0,5.0
2814.0,111.00000000015888,4035.0000000010778,1,1,0,5.0
2815.0,110.00000000015893,4040.0000000010778,1,1,0,5.0
2816.0,109.00000000015899,4045.0000000010778,1,1,0,5.0
2817.0,108.00000000015905,4050.0000000010778,1,1,0,5.0
2818.0,107.0000000001591,4055.0000000010778,1,1,0,5.0
2819.0,106.00000000015916,4060.0000000010778,1,1,0,5.0
2820.0,105.00000000015922,4065.0000000010778,1,1,0,5.0
2821.0,104.00000000015928,4064.0000000010787,1,1,1,5.0
2822.0,103.00000000015933,4063.0000000010796,1,1,1,5.0
2823.0,102.00000000015939,4062.0000000010805,1,1,1,5.0
2824.0,101.00000000015945,4061.0000000010814,1,1,1,5.0
2825.0,100.0000000001595,4060.0000000010823,1,1,1,5.0
2826.0,99.00000000015956,4059.000000001083,1,1,1,5.0
2827.0,98.00000000015962,4058.000000001084,1,1,1,5.0
2828.0,97.00000000015967,4057.000000001085,1,1,1,5.0
2829.0,96.00000000015973,4056.000000001086,1,1,1,5.0
2830.0,95.00000000015979,4055.000000001087,1,1,1,5.0
2831.0,94.00000000015984,4054.0000000010878,1,1,1,5.0
2832.0,93.0000000001599,4053.0000000010887,1,1,1,5.0
2833.0,92.00000000015996,4052.0000000010896,1,1,1,5.0
2834.0,91.00000000016001,4051.0000000010905,1,1,1,5.0
2835.0,90.00000000016007,4050.0000000010914,1,1,1,5.0
2836.0,94.00000000016013,4044.0000000010923,1,0,1,0.0
2837.0,98.00000000016018,4038.000000001093,1,0,1,0.0
2838.0,102.00000000016024,4032.000000001094,1,0,1,0.0
2839.0,106.0000000001603,4026.000000001095,1,0,1,0.0
2840.0,110.00000000016036,4020.000000001096,1,0,1,0.0
2841.0,114.00000000016041,4014.000000001097,1,0,1,0.0
2842.0,118.00000000016047,4008.0000000010978,1,0,1,0.0
2843.0,122.00000000016053,4002.0000000010987,1,0,1,0.0
2844.0,126.00000000016058,3996.0000000010996,1,0,1,0.0
2845.0,130.00000000016064,3990.0000000011005,1,0,1,0.0
2846.0,134.0000000001607,3984.0000000011014,1,0,1,0.0
2847.0,138.00000000016075,3978.0000000011023,1,0,1,0.0
2848.0,142.0000000001608,3972.000000001103,1,0,1,0.0
2849.0,146.00000000016087,3966.000000001104,1,0,1,0.0
2850.0,150.00000000016092,3960.000000001105,1,0,1,0.0
2851.0,149.00000000016098,3965.000000001105,1,1,0,5.0
2852.0,148.00000000016104,3970.000000001105,1,1,0,5.0
2853.0,147.0000000001611,3975.000000001105,1,1,0,5.0
2854.0,146.00000000016115,3980.000000001105,1,1,0,5.0
2855.0,145.0000000001612,3985.000000001105,1,1,0,5.0
2856.0,144.00000000016126,3990.000000001105,1,1,0,5.0
2857.0,143.00000000016132,3995.000000001105,1,1,0,5.0
2858.0,142.00000000016138,4000.000000001105,1,1,0,5.0
2859.0,141.00000000016144,4005.000000001105,1,1,0,5.0
2860.0,140.0000000001615,4010.000000001105,1,1,0,5.0
2861.0,139.00000000016155,4015.000000001105,1,1,0,5.0
2862.0,138.0000000001616,4020.000000001105,1,1,0,5.0
2863.0,137.00000000016166,4025.000000001105,1,1,0,5.0
2864.0,136.00000000016172,4030.000000001105,1,1,0,5.0
2865.0,135.00000000016178,4035.000000001105,1,1,0,5.0
2866.0,134.00000000016183,4034.000000001106,1,1,1,5.0
2867.0,133.0000000001619,4033.000000001107,1,1,1,5.0
2868.0,132.00000000016195,4032.0000000011078,1,1,1,5.0
2869.0,131.000000000162,4031.0000000011087,1,1,1,5.0
2870.0,130.00000000016206,4030.0000000011096,1,1,1,5.0
2871.0,129.00000000016212,4029.0000000011105,1,1,1,5.0
2872.0,128.00000000016217,4028.0000000011114,1,1,1,5.0
2873.0,127.00000000016223,4027.0000000011123,1,1,1,5.0
2874.0,126.00000000016229,4026.000000001113,1,1,1,5.0
2875.0,125.00000000016234,4025.000000001114,1,1,1,5.0
2876.0,124.0000000001624,4024.000000001115,1,1,1,5.0
2877.0,123.00000000016246,4023.000000001116,1,1,1,5.0
2878.0,122.00000000016252,4022.000000001117,1,1,1,5.0
2879.0,121.00000000016257,4021.0000000011178,1,1,1,5.0
2880.0,120.00000000016263,4020.0000000011187,1,1,1,5.0
2881.0,119.00000000016269,4019.0000000011196,1,1,1,5.0
2882.0,118.00000000016274,4018.0000000011205,1,1,1,5.0
2883.0,117.0000000001628,4017.0000000011214,1,1,1,5.0
2884.0,116.00000000016286,4016.0000000011223,1,1,1,5.0
2885.0,115.00000000016291,4015.000000001123,1,1,1,5.0
2886.0,114.00000000016297,4014.000000001124,1,1,1,5.0
2887.0,113.00000000016303,4013.000000001125,1,1,1,5.0
2888.0,112.00000000016308,4012.000000001126,1,1,1,5.0
2889.0,111.00000000016314,4011.000000001127,1,1,1,5.0
2890.0,110.0000000001632,4010.000000001128,1,1,1,5.0
2891.0,109.00000000016325,4009.0000000011287,1,1,1,5.0
2892.0,108.00000000016331,4008.0000000011296,1,1,1,5.0
2893.0,107.00000000016337,4007.0000000011305,1,1,1,5.0
2894.0,106.00000000016342,4006.0000000011314,1,1,1,5.0
2895.0,105.00000000016348,4005.0000000011323,1,1,1,5.0
2896.0,104.00000000016354,4004.0000000011332,1,1,1,5.0
2897.0,103.0000000001636,4003.000000001134,1,1,1,5.0
2898.0,102.00000000016365,4002.000000001135,1,1,1,5.0
2899.0,101.00000000016371,4001.000000001136,1,1,1,5.0
2900.0,100.00000000016377,4000.000000001137,1,1,1,5.0
2901.0,99.00000000016382,3999.000000001138,1,1,1,5.0
2902.0,98.00000000016388,3998.0000000011387,1,1,1,5.0
2903.0,97.00000000016394,3997.0000000011396,1,1,1,5.0
2904.0,96.000000000164,3996.0000000011405,1,1,1,5.0
2905.0,95.00000000016405,3995.0000000011414,1,1,1,5.0
2906.0,94.0000000001641,3994.0000000011423,1,1,1,5.0
2907.0,93.00000000016416,3993.0000000011432,1,1,1,5.0
2908.0,92.00000000016422,3992.000000001144,1,1,1,5.0
2909.0,91.00000000016428,3991.000000001145,1,1,1,5.0
2910.0,90.00000000016433,3990.000000001146,1,1,1,5.0
2911.0,94.00000000016439,3990.000000001146,1,0,0,0.0
2912.0,98.00000000016445,3990.000000001146,1,0,0,0.0
2913.0,102.0000000001645,3990.000000001146,1,0,0,0.0
2914.0,106.00000000016456,3990.000000001146,1,0,0,0.0
2915.0,110.00000000016462,3990.000000001146,1,0,0,0.0
2916.0,114.00000000016468,3990.000000001146,1,0,0,0.0
2917.0,118.00000000016473,3990.000000001146,1,0,0,0.0
2918.0,122.00000000016479,3990.000000001146,1,0,0,0.0
2919.0,126.00000000016485,3990.000000001146,1,0,0,0.0
2920.0,130.0000000001649,3990.000000001146,1,0,0,0.0
2921.0,134.00000000016496,3990.000000001146,1,0,0,0.0
2922.0,138.00000000016502,3990.000000001146,1,0,0,0.0
2923.0,142.00000000016507,3990.000000001146,1,0,0,0.0
2924.0,146.00000000016513,3990.000000001146,1,0,0,0.0
2925.0,150.0000000001652,3990.000000001146,1,0,0,0.0
2926.0,149.00000000016524,3995.000000001146,1,1,0,5.0
2927.0,148.0000000001653,4000.000000001146,1,1,0,5.0
2928.0,147.00000000016536,4005.000000001146,1,1,0,5.0
2929.0,146.00000000016541,4010.000000001146,1,1,0,5.0
2930.0,145.00000000016547,4015.000000001146,1,1,0,5.0
2931.0,144.00000000016553,4020.000000001146,1,1,0,5.0
2932.0,143.00000000016558,4025.000000001146,1,1,0,5.0
2933.0,142.00000000016564,4030.000000001146,1,1,0,5.0
2934.0,141.0000000001657,4035.000000001146,1,1,0,5.0
2935.0,140.00000000016576,4040.000000001146,1,1,0,5.0
2936.0,139.0000000001658,4045.000000001146,1,1,0,5.0
2937.0,138.00000000016587,4050.000000001146,1,1,0,5.0
2938.0,137.00000000016593,4055.000000001146,1,1,0,5.0
2939.0,136.00000000016598,4060.000000001146,1,1,0,5.0
2940.0,135.00000000016604,4065.000000001146,1,1,0,5.0
2941.0,134.0000000001661,4064.000000001147,1,1,1,5.0
2942.0,133.00000000016615,4063.000000001148,1,1,1,5.0
2943.0,132.0000000001662,4062.0000000011487,1,1,1,5.0
2944.0,131.00000000016627,4061.0000000011496,1,1,1,5.0
2945.0,130.00000000016632,4060.0000000011505,1,1,1,5.0
2946.0,129.00000000016638,4059.0000000011514,1,1,1,5.0
2947.0,128.00000000016644,4058.0000000011523,1,1,1,5.0
2948.0,127.0000000001665,4057.0000000011532,1,1,1,5.0
2949.0,126.00000000016655,4056.000000001154,1,1,1,5.0
2950.0,125.00000000016661,4055.000000001155,1,1,1,5.0
2951.0,124.00000000016666,4054.000000001156,1,1,1,5.0
2952.0,123.00000000016672,4053.000000001157,1,1,1,5.0
2953.0,122.00000000016678,4052.000000001158,1,1,1,5.0
2954.0,121.00000000016684,4051.0000000011587,1,1,1,5.0
2955.0,120.00000000016689,4050.0000000011596,1,1,1,5.0
2956.0,119.00000000016695,4049.0000000011605,1,1,1,5.0
2957.0,118.000000000167,4048.0000000011614,1,1,1,5.0
2958.0,117.00000000016706,4047.0000000011623,1,1,1,5.0
2959.0,116.00000000016712,4046.0000000011632,1,1,1,5.0
2960.0,115.00000000016718,4045.000000001164,1,1,1,5.0
2961.0,114.00000000016723,4044.000000001165,1,1,1,5.0
2962.0,113.00000000016729,4043.000000001166,1,1,1,5.0
2963.0,112.00000000016735,4042.000000001167,1,1,1,5.0
2964.0,111.0000000001674,4041.000000001168,1,1,1,5.0
2965.0,110.00000000016746,4040.0000000011687,1,1,1,5.0
2966.0,109.00000000016752,4039.0000000011696,1,1,1,5.0
2967.0,108.00000000016757,4038.0000000011705,1,1,1,5.0
2968.0,107.00000000016763,4037.0000000011714,1,1,1,5.0
2969.0,106.00000000016769,4036.0000000011723,1,1,1,5.0
2970.0,105.00000000016774,4035.0000000011732,1,1,1,5.0
2971.0,104.0000000001678,4034.000000001174,1,1,1,5.0
2972.0,103.00000000016786,4033.000000001175,1,1,1,5.0
2973.0,102.00000000016792,4032.000000001176,1,1,1,5.0
2974.0,101.00000000016797,4031.000000001177,1,1,1,5.0
2975.0,100.00000000016803,4030.000000001178,1,1,1,5.0
2976.0,99.00000000016809,4029.0000000011787,1,1,1,5.0
2977.0,98.00000000016814,4028.0000000011796,1,1,1,5.0
2978.0,97.0000000001682,4027.0000000011805,1,1,1,5.0
2979.0,96.00000000016826,4026.0000000011814,1,1,1,5.0
2980.0,95.00000000016831,4025.0000000011823,1,1,1,5.0
2981.0,94.00000000016837,4024.0000000011833,1,1,1,5.0
2982.0,93.00000000016843,4023.000000001184,1,1,1,5.0
2983.0,92.00000000016848,4022.000000001185,1,1,1,5.0
2984.0,91.00000000016854,4021.000000001186,1,1,1,5.0
2985.0,90.0000000001686,4020.000000001187,1,1,1,5.0
2986.0,94.00000000016865,4014.000000001188,1,0,1,0.0
2987.0,98.00000000016871,4008.0000000011887,1,0,1,0.0
2988.0,102.00000000016877,4002.0000000011896,1,0,1,0.0
2989.0,106.00000000016882,3996.0000000011905,1,0,1,0.0
2990.0,110.00000000016888,3990.0000000011914,1,0,1,0.0
2991.0,114.00000000016894,3984.0000000011923,1,0,1,0.0
2992.0,118.000000000169,3978.0000000011933,1,0,1,0.0
2993.0,122.00000000016905,3972.000000001194,1,0,1,0.0
2994.0,126.00000000016911,3966.000000001195,1,0,1,0.0
2995.0,130.00000000016917,3960.000000001196,1,0,1,0.0
2996.0,134.00000000016922,3954.000000001197,1,0,1,0.0
2997.0,138.00000000016928,3948.000000001198,1,0,1,0.0
2998.0,142.00000000016934,3942.0000000011987,1,0,1,0.0
2999.0,146.0000000001694,3936.0000000011996,1,0,1,0.0
3000.0,150.00000000016945,3930.0000000012005,1,0,1,0.0
